 (R)-2-Oxo-3-methylpentanoate	CCC(C)C(=O)C(=O)O
 (R)-3-Hydroxy-3-methyl-2-oxopentanoate	CCC(C)(C(=O)C(=O)[O-])O
 1-Acyl-sn-glycero-3-phosphoethanolamine dodecanoyl	
 1-Acyl-sn-glycero-3-phosphoethanolamine hexadec-9-enoyl	
 1-Acyl-sn-glycero-3-phosphoethanolamine hexadecanoyl	
 1-Acyl-sn-glycero-3-phosphoethanolamine tetradec-7-enoyl	
 1-Acyl-sn-glycero-3-phosphoethanolamine tetradecanoyl	
 1-Acyl-sn-glycero-3-phosphoglycerol dodecanoyl	
 1-Acyl-sn-glycero-3-phosphoglycerol hexadec-9-enoyl	
 1-Acyl-sn-glycero-3-phosphoglycerol hexadecanoyl	
 1-Acyl-sn-glycero-3-phosphoglycerol octadec-11-enoyl	
 1-Acyl-sn-glycero-3-phosphoglycerol octadecanoyl	
 1-Acyl-sn-glycero-3-phosphoglycerol tetradec-7-enoyl	
 1-Acyl-sn-glycero-3-phosphoglycerol tetradecanoyl	
 2-Dehydro-3-deoxy-D-glucarate	C(C(C(C(=O)O)O)O)C(=O)C(=O)O
 2-Methylacetoacetyl-CoA	CC(C(=O)C)C(=O)SCCNC(=O)CCNC(=O)C(C(C)(C)COP(=O)(O)OP(=O)(O)OCC1C(C(C(O1)N2C=NC3=C(N=CN=C32)N)O)OP(=O)(O)O)O
 2-Methylbutyryl-CoA	CCC(C)C(=O)SCCNC(=O)CCNC(=O)C(C(C)(C)COP(=O)(O)OP(=O)(O)OCC1C(C(C(O1)N2C=NC3=C(N=CN=C32)N)O)OP(=O)(O)O)O
 2-Oxo-3-hydroxyisovalerate	CC(C)(C(=O)C(=O)[O-])O
 2-methyl-3-hydroxy-butyryl-CoA	
 3-Aminopropiononitrile	C(CN)C#N
 3-Chloroallyl aldehyde	
 3-Hydroxy-L-1-pyrroline-5-carboxylate	C1C(C=NC1C(=O)O)O
 3-Hydroxyisobutyrate	CC(CO)C(=O)[O-]
 3-Keto-beta-D-galactose	C(C1C(C(=O)C(C(O1)O)O)O)O
 3-Ketolactose	C(C1C(C(C(C(O1)O)O)O)OC2C(C(=O)C(C(O2)CO)O)O)O
 3-Oxo-2-methylpropanoate	CC(C=O)C(=O)O
 3-Sulfopyruvate	C(C(=O)C(=O)O)S(=O)(=O)O
 4-Hydroxy-2-oxoglutarate	C(C(C(=O)O)O)C(=O)C(=O)O
 4-Hydroxy-L-glutamate	C(C(C(=O)[O-])[NH3+])C(C(=O)[O-])O
 5-Dehydroshikimate	
 5-Methylcytosine	CC1=C(NC(=O)N=C1)N
 5-Methyltetrahydropteroyltri-L-glutamate	CN1C(CNC2=C1C(=O)NC(=N2)N)CNC3=CC=C(C=C3)C(=O)NC(CCC(=O)NC(CCC(=O)NC(CCC(=O)O)C(=O)O)C(=O)O)C(=O)O
 Allophanate	C(=O)(N)NC(=O)O
 CELB	
 Carnosine	C1=C(NC=N1)CC(C(=O)O)NC(=O)CCN
 Cytochrome c2+	
 Cytochrome c3+	
 D-Glutamine	C(CC(=O)N)C(C(=O)O)N
 D-O-Phosphoserine	C(C(C(=O)O)N)OP(=O)(O)O
 Dehydroalanine	C=C(C(=O)O)N
 Dihydrobiopterin	CC(C(C1=NC2=C(NC1)N=C(NC2=O)N)O)O
 Ferricytochrome b1	
 Ferrocytochrome b1	
 Folate	C1=CC(=CC=C1C(=O)NC(CCC(=O)O)C(=O)O)NCC2=CN=C3C(=N2)C(=O)NC(=N3)N
 GDP-4-keto-6-L-deoxygalactose	CC1C(=O)C(C(C(O1)OP(=O)(O)OP(=O)(O)OCC2C(C(C(O2)N3C=NC4=C3N=C(NC4=O)N)O)O)O)O
 Galactinol	C(C1C(C(C(C(O1)OC2C(C(C(C(C2O)O)O)O)O)O)O)O)O
 Gluconolactone	C(C1C(C(C(C(=O)O1)O)O)O)O
 Homocitrate	C(CC(CC(=O)O)(C(=O)O)O)C(=O)O
 Inositol 3-phosphate	C1(C(C(C(C(C1O)O)OP(=O)(O)O)O)O)O
 Isobutyryl-CoA	CC(C)C(=O)SCCNC(=O)CCNC(=O)C(C(C)(C)COP(=O)(O)OP(=O)(O)OCC1C(C(C(O1)N2C=NC3=C(N=CN=C32)N)O)OP(=O)(O)O)O
 L-3-Cyanoalanine	C(C#N)C(C(=O)O)N
 L-Cysteate	C(C(C(=O)[O-])N)S(=O)(=O)O
 L-Glutamyl 1-phosphate	C(CC(=O)O)C(C(=O)OP(=O)(O)O)N
 L-Histidinal	C1=C(NC=N1)CC(C=O)N
 L-Sorbosonate	C(C(C(C(C(=O)C(=O)O)O)O)O)O
 Lauroyl-CoA	CCCCCCCCCCCC(=O)SCCNC(=O)CCNC(=O)C(C(C)(C)COP(=O)(O)OP(=O)(O)OCC1C(C(C(O1)N2C=NC3=C(N=CN=C32)N)O)OP(=O)(O)O)O
 Manninotriose	C(C1C(C(C(C(O1)OCC2C(C(C(C(O2)OCC(C(C(C(C=O)O)O)O)O)O)O)O)O)O)O)O
 Melitose	C(C1C(C(C(C(O1)OCC2C(C(C(C(O2)OC3(C(C(C(O3)CO)O)O)CO)O)O)O)O)O)O)O
 Methacrylyl-CoA	CC(=C)C(=O)SCCNC(=O)CCNC(=O)C(C(C)(C)COP(=O)(O)OP(=O)(O)OCC1C(C(C(O1)N2C=NC3=C(N=CN=C32)N)O)OP(=O)(O)O)O
 N-Acetylputrescine	CC(=O)NCCCCN
 Oxalosuccinate	C(C(C(=O)C(=O)O)C(=O)O)C(=O)O
 PQQH2	C1=C(NC2=C(C(=C3C=C(N=C3C2=C1C(=O)O)C(=O)O)O)O)C(=O)O
 Pyrroloquinoline-quinone	C1=C(C2=C(C(=O)C(=O)C3=C2NC(=C3)C(=O)O)N=C1C(=O)O)C(=O)O
 Q	
 QH2	
 Quinate	C1C(C(C(CC1(C(=O)O)O)O)O)O
 Retinal	CC1=C(C(CCC1)(C)C)C=CC(=CC=CC(=CC=O)C)C
 Retinol	CC1=C(C(CCC1)(C)C)C=CC(=CC=CC(=CCO)C)C
 S	[S]
 Selenocystathionine	C(C[Se]CC(C(=O)O)N)C(C(=O)O)N
 Selenohomocysteine	
 Stachyose	C(C1C(C(C(C(O1)OCC2C(C(C(C(O2)OCC3C(C(C(C(O3)OC4(C(C(C(O4)CO)O)O)CO)O)O)O)O)O)O)O)O)O)O
 Tetrahydrobiopterin	CC(C(C1CNC2=C(N1)C(=O)NC(=N2)N)O)O
 Tetrahydropteroyltri-L-glutamate	C1C(NC2=C(N1)N=C(NC2=O)N)CNC3=CC=C(C=C3)C(=O)NC(CCC(=O)NC(CCC(=O)NC(CCC(=O)O)C(=O)O)C(=O)O)C(=O)O
 Tiglyl-CoA	CC=C(C)C(=O)SCCNC(=O)CCNC(=O)C(C(C)(C)COP(=O)(O)OP(=O)(O)OCC1C(C(C(O1)N2C=NC3=C(N=CN=C32)N)O)OP(=O)(O)O)O
 UDP-N-acetyl-D-galactosamine	CC(=O)NC1C(C(C(OC1OP(=O)(O)OP(=O)(O)OCC2C(C(C(O2)N3C=CC(=O)NC3=O)O)O)CO)O)O
 Ureidoglycine	C(C(=O)O)NNC(=O)N
 beta D-Galactose	C(C1C(C(C(C(O1)O)O)O)O)O
 beta-D-Glucose	C(C1C(C(C(C(O1)O)O)O)O)O
 beta-D-Glucose 6-phosphate	C(C1C(C(C(C(O1)O)O)O)O)OP(=O)(O)O
 cis-3-Chloro-2-propene-1-ol	C(C=CCl)O
 cis-3-Chloroallyl aldehyde	C(=CCl)C=O
 cis-Homoaconitate	C(CC(=O)O)C(=CC(=O)O)C(=O)O
 gamma-Glutamyl-3-aminopropiononitrile	C(CNC(=O)CCC(C(=O)O)N)C#N
 trans-3-Chloro-2-propene-1-ol	C(C=CCl)O
 trans-4-Hydroxy-L-proline	C1C(CNC1C(=O)O)O
(-)-Ureidoglycolate	C(C(=O)O)(NC(=O)N)O
(2,3-Dihydroxybenzoyl)adenylate	C1=CC(=C(C(=C1)O)O)C(=O)OP(=O)(O)OCC2C(C(C(O2)N3C=NC4=C(N=CN=C43)N)O)O
(2R,4S)-2-methyl-2,3,3,4-tetrahydroxytetrahydrofuran	CC1(C(C(CO1)O)(O)O)O
(2R,4S)-2-methyl-2,4-dihydroxydihydrofuran-3-one	CC1(C(=O)C(CO1)O)O
(3R)-3-Hydroxyacyl-[acyl-carrier protein]	
(3S)-3,6-Diaminohexanoate	C(CC(CC(=O)O)N)CN
(3S)-3-Hydroxyadipyl-CoA	CC(C)(COP(=O)(O)OP(=O)(O)OCC1C(C(C(O1)N2C=NC3=C(N=CN=C32)N)O)OP(=O)(O)O)C(C(=O)NCCC(=O)NCCSC(=O)CC(CCC(=O)O)O)O
(4S)-4-hydroxy-5-phosphonooxypentane-2,3-dione	CC(=O)C(=O)C(COP(=O)(O)O)O
(O16 antigen)x2 undecaprenyl diphosphate	
(O16 antigen)x3 undecaprenyl diphosphate	
(O16 antigen)x4 core oligosaccharide lipid A	
(O16 antigen)x4 undecaprenyl diphosphate	
(R)-2,3-Dihydroxy-3-methylbutanoate	CC(C)(C(C(=O)[O-])O)O
(R)-2,3-Dihydroxy-3-methylpentanoate	CCC(C)(C(C(=O)O)O)O
(R)-2-Hydroxyglutarate	C(CC(=O)O)C(C(=O)O)O
(R)-3-Hydroxydecanoyl-[acyl-carrier protein]	
(R)-3-Hydroxydodecanoyl-[acyl-carrier protein]	
(R)-3-Hydroxyhexanoyl-[acyl-carrier protein]	
(R)-3-Hydroxyoctadecanoyl-[acyl-carrier protein]	
(R)-3-Hydroxyoctanoyl-[acyl-carrier protein]	
(R)-3-Hydroxytetradecanoyl-[acyl-carrier protein]	
(R)-3-hydroxy-cis-dodec-5-enoyl-[acyl-carrier protein]	
(R)-3-hydroxy-cis-myristol-7-eoyl-[acyl-carrier protein]	
(R)-3-hydroxy-cis-palm-9-eoyl-[acyl-carrier protein]	
(R)-3-hydroxy-cis-vacc-11-enoyl-[acyl-carrier protein]	
(R)-Glycerate	C(C(C(=O)O)O)O
(R)-NADHX	C1CC(=CN(C1O)C2C(C(C(O2)COP(=O)(O)OP(=O)(O)OCC3C(C(C(O3)N4C=NC5=C(N=CN=C54)N)O)O)O)O)C(=O)N
(R)-NADPHX	C1CC(=CN(C1O)C2C(C(C(O2)COP(=O)(O)OP(=O)(O)OCC3C(C(C(O3)N4C=NC5=C(N=CN=C54)N)OP(=O)(O)O)O)O)O)C(=O)N
(R)-Pantoate	CC(C)(CO)C(C(=O)[O-])O
(R)-Pantothenate	CC(C)(CO)C(C(=O)NCCC(=O)O)O
(R)-Propane-1,2-diol	CC(CO)O
(R)-S-Lactoylglutathione	CC(C(=O)SCC(C(=O)NCC(=O)O)NC(=O)CCC(C(=O)O)N)O
(S)-2-Aceto-2-hydroxybutanoate	CCC(C(=O)C)(C(=O)O)O
(S)-2-Acetolactate	CC(=O)C(C)(C(=O)O)O
(S)-2-Hydroxyglutarate	C(CC(=O)O)C(C(=O)O)O
(S)-2-[5-Amino-1-(5-phospho-D-ribosyl)imidazole-4-carboxamido]succinate	C1=NC(=C(N1C2C(C(C(O2)COP(=O)(O)O)O)O)N)C(=O)NC(CC(=O)O)C(=O)O
(S)-3-Hydroxybutanoyl-CoA	CC(CC(=O)SCCNC(=O)CCNC(=O)C(C(C)(C)COP(=O)(O)OP(=O)(O)OCC1C(C(C(O1)N2C=NC3=C(N=CN=C32)N)O)OP(=O)(O)O)O)O
(S)-3-Hydroxydecanoyl-CoA	CCCCCCCC(CC(=O)SCCNC(=O)CCNC(=O)C(C(C)(C)COP(=O)(O)OP(=O)(O)OCC1C(C(C(O1)N2C=NC3=C(N=CN=C32)N)O)OP(=O)(O)O)O)O
(S)-3-Hydroxydodecanoyl-CoA	CCCCCCCCCC(CC(=O)SCCNC(=O)CCNC(=O)C(C(C)(C)COP(=O)(O)OP(=O)(O)OCC1C(C(C(O1)N2C=NC3=C(N=CN=C32)N)O)OP(=O)(O)O)O)O
(S)-3-Hydroxyhexadecanoyl-CoA	CCCCCCCCCCCCCC(CC(=O)SCCNC(=O)CCNC(=O)C(C(C)(C)COP(=O)(O)OP(=O)(O)OCC1C(C(C(O1)N2C=NC3=C(N=CN=C32)N)O)OP(=O)(O)O)O)O
(S)-3-Hydroxyhexanoyl-CoA	CCCC(CC(=O)SCCNC(=O)CCNC(=O)C(C(C)(C)COP(=O)(O)OP(=O)(O)OCC1C(C(C(O1)N2C=NC3=C(N=CN=C32)N)O)OP(=O)(O)O)O)O
(S)-3-Hydroxyoctadecanoyl-CoA	CCCCCCCCCCCCCCCC(CC(=O)SCCNC(=O)CCNC(=O)C(C(C)(C)COP(=O)(O)OP(=O)(O)OCC1C(C(C(O1)N2C=NC3=C(N=CN=C32)N)O)OP(=O)(O)O)O)O
(S)-3-Hydroxyoctanoyl-CoA	CCCCCC(CC(=O)SCCNC(=O)CCNC(=O)C(C(C)(C)COP(=O)(O)OP(=O)(O)OCC1C(C(C(O1)N2C=NC3=C(N=CN=C32)N)O)OP(=O)(O)O)O)O
(S)-3-Hydroxytetradecanoyl-CoA	CCCCCCCCCCCC(CC(=O)SCCNC(=O)CCNC(=O)C(C(C)(C)COP(=O)(O)OP(=O)(O)OCC1C(C(C(O1)N2C=NC3=C(N=CN=C32)N)O)OP(=O)(O)O)O)O
(S)-3-Methyl-2-oxopentanoate	CCC(C)C(=O)C(=O)O
(S)-Dihydroorotate	C1C(NC(=O)NC1=O)C(=O)O
(S)-Methylmalonyl-CoA	CC(C(=O)O)C(=O)SCCNC(=O)CCNC(=O)C(C(C)(C)COP(=O)(O)OP(=O)(O)OCC1C(C(C(O1)N2C=NC3=C(N=CN=C32)N)O)OP(=O)(O)O)O
(S)-NADPHX	C1CC(=CN(C1O)C2C(C(C(O2)COP(=O)(O)OP(=O)(O)OCC3C(C(C(O3)N4C=NC5=C(N=CN=C54)N)OP(=O)(O)O)O)O)O)C(=O)N
(S)-Propane-1,2-diol	CC(CO)O
(enterobacterial common antigen)x2 undecaprenyl-diphosphate	
(enterobacterial common antigen)x3 undecaprenyl-diphosphate	
(enterobacterial common antigen)x4 core oligosaccharide lipid A	
(enterobacterial common antigen)x4 undecaprenyl-diphosphate	
1,2-Diacyl-sn-glycerol (didodecanoyl, n-C12:0)	
1,2-Diacyl-sn-glycerol (dihexadec-9-enoyl, n-C16:1)	
1,2-Diacyl-sn-glycerol (dihexadecanoyl, n-C16:0)	
1,2-Diacyl-sn-glycerol (dioctadec-11-enoyl, n-C18:1)	
1,2-Diacyl-sn-glycerol (dioctadecanoyl, n-C18:0)	
1,2-Diacyl-sn-glycerol (ditetradec-7-enoyl, n-C14:1)	
1,2-Diacyl-sn-glycerol (ditetradecanoyl, n-C14:0)	
1,2-didodecanoyl-sn-glycerol 3-phosphate	
1,2-dihexadec-9-enoyl-sn-glycerol 3-phosphate	
1,2-dihexadecanoyl-sn-glycerol 3-phosphate	
1,2-dioctadec-11-enoyl-sn-glycerol 3-phosphate	
1,2-dioctadecanoyl-sn-glycerol 3-phosphate	
1,2-ditetradec-7-enoyl-sn-glycerol 3-phosphate	
1,2-ditetradecanoyl-sn-glycerol 3-phosphate	CCCCCCCCCCCCCC(=O)OCC(COP(=O)([O-])[O-])OC(=O)CCCCCCCCCCCCC
1,3-Propanediol	C(CO)CO
1,4-Dihydroxy-2-naphthoate	C1=CC=C2C(=C1)C(=CC(=C2O)C(=O)O)O
1,4-alpha-D-glucan	C(C1C(C(C(C(O1)O)O)O)O)O
1,4-dihydroxy-2-napthoyl-CoA	
1,5-Diaminopentane	C(CCN)CCN
1,6-anhydrous-N-Acetylmuramate	
1,6-anhydrous-N-Acetylmuramyl-tetrapeptide	CC(C(=O)NC(CCC(=O)O)C(=O)NC(CCCC(C(=O)O)N)C(=O)NC(C)C(=O)O)NC(=O)C(C)OC1C(COC(C1O)CO)NC(=O)C
1,6-anhydrous-N-Acetylmuramyl-tripeptide	CC(C(=O)NC(CCC(=O)O)C(=O)NC(CCCC(C(=O)O)N)C(=O)O)NC(=O)C(C)OC1C(COC(C1O)CO)NC(=O)C
1-(2-Carboxyphenylamino)-1-deoxy-D-ribulose 5-phosphate	C1=CC=C(C(=C1)C(=O)O)NCC(=O)C(C(COP(=O)(O)O)O)O
1-(5-Phosphoribosyl)-5-[(5-phosphoribosylamino)methylideneamino]imidazole-4-carboxamide	C1=NC(=C(N1C2C(C(C(O2)COP(=O)(O)O)O)O)NC=NC3C(C(C(O3)COP(=O)(O)O)O)O)C(=O)N
1-(5-Phosphoribosyl)-AMP	C1=NC2=C(N1C3C(C(C(O3)COP(=O)(O)O)O)O)N=CN(C2=N)C4C(C(C(O4)COP(=O)(O)O)O)O
1-(5-Phosphoribosyl)-ATP	C1=NC2=C(N1C3C(C(C(O3)COP(=O)(O)OP(=O)(O)OP(=O)(O)O)O)O)N=CN(C2=N)C4C(C(C(O4)COP(=O)(O)O)O)O
1-(?-D-sulfoquinovosyl)glycerol	
1-Acyl-sn-glycero-3-phosphoethanolamine (n-C12:0)	
1-Acyl-sn-glycero-3-phosphoethanolamine (n-C14:0)	
1-Acyl-sn-glycero-3-phosphoethanolamine (n-C14:1)	
1-Acyl-sn-glycero-3-phosphoethanolamine (n-C16:0)	CCCCCCCCCCCCCCCC(=O)OCC(COP(=O)([O-])OCC[NH3+])O
1-Acyl-sn-glycero-3-phosphoethanolamine (n-C16:1)	
1-Acyl-sn-glycero-3-phosphoethanolamine (n-C18:0)	
1-Acyl-sn-glycero-3-phosphoethanolamine (n-C18:1)	
1-Acyl-sn-glycero-3-phosphoglycerol (n-C12:0)	CCCCCCCCCCCC(=O)OCC(COP(=O)([O-])OCC(CO)O)O
1-Acyl-sn-glycero-3-phosphoglycerol (n-C14:0)	CCCCCCCCCCCCCC(=O)OCC(COP(=O)([O-])OCC(CO)O)O
1-Acyl-sn-glycero-3-phosphoglycerol (n-C14:1)	
1-Acyl-sn-glycero-3-phosphoglycerol (n-C16:0)	CCCCCCCCCCCCCCCC(=O)OCC(COP(=O)([O-])OCC(CO)O)O
1-Acyl-sn-glycero-3-phosphoglycerol (n-C16:1)	
1-Acyl-sn-glycero-3-phosphoglycerol (n-C18:0)	CCCCCCCCCCCCCCCCCC(=O)OCC(COP(=O)([O-])OCC(CO)O)O
1-Acyl-sn-glycero-3-phosphoglycerol (n-C18:1)	
1-Aminopropan-2-ol	CC(CN)O
1-O-methyl-Beta-D-glucuronate	COC1C(C(C(C(O1)C(=O)[O-])O)O)O
1-Pyrroline-5-carboxylate	C1CC(N=C1)C(=O)O
1-deoxy-D-xylulose	CC(=O)C(C(CO)O)O
1-deoxy-D-xylulose 5-phosphate	CC(=O)C(C(COP(=O)(O)O)O)O
1-dodecanoyl-sn-glycerol 3-phosphate	CCCCCCCCCCCC(=O)OCC(COP(=O)(O)O)O
1-hexadec-9-enoyl-sn-glycerol 3-phosphate	
1-hexadecanoyl-sn-glycerol 3-phosphate	
1-hydroxy-2-methyl-2-(E)-butenyl 4-diphosphate	CC(=CCOP(=O)([O-])OP(=O)([O-])[O-])CO
1-octadec-11-enoyl-sn-glycerol 3-phosphate	
1-octadecanoyl-sn-glycerol 3-phosphate	CCCCCCCCCCCCCCCCCC(=O)OCC(COP(=O)([O-])[O-])O
1-tetradec-7-enoyl-sn-glycerol 3-phosphate	
1-tetradecanoyl-sn-glycerol 3-phosphate	CCCCCCCCCCCCCC(=O)OCC(COP(=O)(O)O)O
10-Formyltetrahydrofolate	C1C(NC2=C(N1)N=C(NC2=O)N)CN(C=O)C3=CC=C(C=C3)C(=O)NC(CCC(=O)O)C(=O)O
1D-myo-Inositol 1-phosphate	C1(C(C(C(C(C1O)O)OP(=O)(O)O)O)O)O
2 Deoxy D glucose 6 phosphate C6H11O8P	
2 Deoxy D glucose C6H12O5	
2',3'-Cyclic AMP	C1=NC(=C2C(=N1)N(C=N2)C3C4C(C(O3)CO)OP(=O)(O4)O)N
2',3'-Cyclic CMP	C1=CN(C(=O)N=C1N)C2C3C(C(O2)CO)OP(=O)(O3)[O-]
2',3'-Cyclic GMP	C1=NC2=C(N1C3C4C(C(O3)CO)OP(=O)(O4)O)N=C(NC2=O)N
2',3'-Cyclic UMP	C1=CN(C(=O)NC1=O)C2C3C(C(O2)CO)OP(=O)(O3)O
2'-(5''-triphosphoribosyl)-3'-dephospho-CoA	CC(C)(COP(=O)(O)OP(=O)(O)OCC1C(C(C(O1)N2C=NC3=C(N=CN=C32)N)OC4C(C(C(O4)COP(=O)(O)OP(=O)(O)OP(=O)(O)O)O)O)O)C(C(=O)NCCC(=O)NCCS)O
2(alpha-D-Mannosyl)-D-glycerate	C(C1C(C(C(C(O1)OC(CO)C(=O)[O-])O)O)O)O
2(alpha-D-Mannosyl-6-phosphate)-D-glycerate	C(C1C(C(C(C(O1)OC(CO)C(=O)[O-])O)O)O)OP(=O)([O-])[O-]
2,3,2'3'-Tetrakis(beta-hydroxymyristoyl)-D-glucosaminyl-1,6-beta-D-glucosamine 1,4'-bisphosphate	CCCCCCCCCCCC(CC(=O)NC1C(C(C(OC1OP(=O)(O)O)COC2C(C(C(C(O2)CO)OP(=O)(O)O)OC(=O)CC(CCCCCCCCCCC)O)NC(=O)CC(CCCCCCCCCCC)O)O)OC(=O)CC(CCCCCCCCCCC)O)O
2,3,4,5-Tetrahydrodipicolinate	C1CC(N=C(C1)C(=O)O)C(=O)O
2,3-Bis(3-hydroxytetradecanoyl)-beta-D-glucosaminyl 1-phosphate	
2,3-Dihydro-2,3-dihydroxybenzoate	
2,3-Dihydrodipicolinate	C1C=CC(=NC1C(=O)O)C(=O)O
2,3-Dihydroxybenzoate	C1=CC(=C(C(=C1)O)[O-])C(=O)O
2,3-Dihydroxypropane-1-sulfonate	C(C(CS(=O)(=O)[O-])O)O
2,3-Dioxo-L-gulonate	C(C(C(C(=O)C(=O)C(=O)[O-])O)O)O
2,3-dehydroadipyl-CoA	CC(C)(COP(=O)(O)OP(=O)(O)OCC1C(C(C(O1)N2C=NC3=C(N=CN=C32)N)O)OP(=O)(O)O)C(C(=O)NCCC(=O)NCCSC(=O)C=CCCC(=O)O)O
2,3-diaminopropionate	C(C(C(=O)O)N)N
2,3-dihydroxicinnamic acid	
2,3-dihydroxybenzoylserine	C1=CC(=C(C(=C1)O)O)C(=O)NC(CO)C(=O)O
2,5-Diamino-6-(ribosylamino)-4-(3H)-pyrimidinone 5'-phosphate	C(C1C(C(C(O1)NC2=C(C(=O)NC(=N2)N)N)O)O)OP(=O)([O-])[O-]
2,5-Diketo-3-deoxy-D-gluconate	C(C(C(=O)CO)O)C(=O)C(=O)O
2,5-diketo-D-gluconate	C(C(=O)C(C(C(=O)C(=O)[O-])O)O)O
2-(Formamido)-N1-(5-phospho-D-ribosyl)acetamidine	C(C1C(C(C(O1)N=C(CNC=O)N)O)O)OP(=O)(O)O
2-3-dihydroxybenzoylserine trimer	
2-3-dihydroxybenzoylserine trimer-Fe-III	
2-Acyl-sn-glycero-3-phosphoethanolamine (n-C12:0)	CCCCCCCCCCCC(=O)OC(CO)COP(=O)([O-])OCC[NH3+]
2-Acyl-sn-glycero-3-phosphoethanolamine (n-C14:0)	CCCCCCCCCCCCCC(=O)OC(CO)COP(=O)([O-])OCC[NH3+]
2-Acyl-sn-glycero-3-phosphoethanolamine (n-C14:1)	
2-Acyl-sn-glycero-3-phosphoethanolamine (n-C16:0)	CCCCCCCCCCCCCCCC(=O)OC(CO)COP(=O)([O-])OCC[NH3+]
2-Acyl-sn-glycero-3-phosphoethanolamine (n-C16:1)	
2-Acyl-sn-glycero-3-phosphoethanolamine (n-C18:0)	CCCCCCCCCCCCCCCCCC(=O)OC(CO)COP(=O)([O-])OCC[NH3+]
2-Acyl-sn-glycero-3-phosphoethanolamine (n-C18:1)	
2-Acyl-sn-glycero-3-phosphoglycerol (n-C12:0)	
2-Acyl-sn-glycero-3-phosphoglycerol (n-C14:0)	CCCCCCCCCCCCCC(=O)OC(CO)COP(=O)([O-])OCC(CO)O
2-Acyl-sn-glycero-3-phosphoglycerol (n-C14:1)	
2-Acyl-sn-glycero-3-phosphoglycerol (n-C16:0)	CCCCCCCCCCCCCCCC(=O)OC(CO)COP(=O)([O-])OCC(CO)O
2-Acyl-sn-glycero-3-phosphoglycerol (n-C16:1)	
2-Acyl-sn-glycero-3-phosphoglycerol (n-C18:0)	CCCCCCCCCCCCCCCCCC(=O)OC(CO)COP(=O)([O-])OCC(CO)O
2-Acyl-sn-glycero-3-phosphoglycerol (n-C18:1)	
2-Amino-4-hydroxy-6-(erythro-1,2,3-trihydroxypropyl)dihydropteridine triphosphate	C1C(=NC2=C(N1)N=C(NC2=O)N)C(C(COP(=O)([O-])OP(=O)([O-])OP(=O)([O-])[O-])O)O
2-Aminomalonate semialdehyde	C(=O)C(C(=O)[O-])[NH3+]
2-C-methyl-D-erythritol 2,4-cyclodiphosphate	CC1(C(COP(=O)(OP(=O)(O1)O)O)O)CO
2-C-methyl-D-erythritol 4-phosphate	CC(CO)(C(COP(=O)(O)O)O)O
2-Dehydro-3-deoxy-D-arabino-heptonate 7-phosphate	C(C(C(C(COP(=O)(O)O)O)O)O)C(=O)C(=O)O
2-Dehydro-3-deoxy-D-galactonate	C(C(C(CO)O)O)C(=O)C(=O)[O-]
2-Dehydro-3-deoxy-D-galactonate 6-phosphate	C(C(C(COP(=O)(O)O)O)O)C(=O)C(=O)O
2-Dehydro-3-deoxy-D-gluconate	C(C(C(CO)O)O)C(=O)C(=O)[O-]
2-Dehydro-3-deoxy-D-gluconate 6-phosphate	C(C(C(COP(=O)(O)O)O)O)C(=O)C(=O)O
2-Dehydro-L-gulonate	C(C(C(C(C(=O)C(=O)[O-])O)O)O)O
2-Dehydropantoate	CC(C)(CO)C(=O)C(=O)O
2-Demethylmenaquinol 8	CC(=CCCC(=CCCC(=CCCC(=CCCC(=CCCC(=CCCC(=CCCC(=CCC1=C(C2=CC=CC=C2C(=C1)O)O)C)C)C)C)C)C)C)C
2-Demethylmenaquinone 8	CC(=CCCC(=CCCC(=CCCC(=CCCC(=CCCC(=CCCC(=CCCC(=CCC1=CC(=O)C2=CC=CC=C2C1=O)C)C)C)C)C)C)C)C
2-Deoxy-D-ribose 1-phosphate	C1C(C(OC1OP(=O)(O)O)CO)O
2-Deoxy-D-ribose 5-phosphate	
2-Hydroxy-3-oxopropanoate	C(=O)C(C(=O)[O-])O
2-Hydroxy-6-oxonona-2,4-diene-1,9-dioate	C(CC(=O)O)C(=O)C=CC=C(C(=O)O)O
2-Isopropylmaleate	CC(C)C(=CC(=O)O)C(=O)O
2-Methyl-4-amino-5-hydroxymethylpyrimidine diphosphate	CC1=NC=C(C(=N1)N)COP(=O)(O)OP(=O)(O)O
2-Methylcitrate	CC(C(=O)O)C(CC(=O)O)(C(=O)O)O
2-N-acetamidomethylphosphonate	CC(=O)NCP(=O)(O)[O-]
2-Octaprenyl-3-methyl-5-hydroxy-6-methoxy-1,4-benzoquinol	CC1=C(C(=C(C(=C1O)O)OC)O)CC=C(C)CCC=C(C)CCC=C(C)CCC=C(C)CCC=C(C)CCC=C(C)CCC=C(C)CCC=C(C)C
2-Octaprenyl-3-methyl-6-methoxy- 1,4-benzoquinol	
2-Octaprenyl-6-hydroxyphenol	CC(=CCCC(=CCCC(=CCCC(=CCCC(=CCCC(=CCCC(=CCCC(=CCC1=C(C(=CC=C1)O)O)C)C)C)C)C)C)C)C
2-Octaprenyl-6-methoxy-1,4-benzoquinol	CC(=CCCC(=CCCC(=CCCC(=CCCC(=CCCC(=CCCC(=CCCC(=CCC1=C(C(=CC(=C1)O)OC)O)C)C)C)C)C)C)C)C
2-Octaprenyl-6-methoxyphenol	CC(=CCCC(=CCCC(=CCCC(=CCCC(=CCCC(=CCCC(=CCCC(=CCC1=C(C(=CC=C1)OC)O)C)C)C)C)C)C)C)C
2-Octaprenylphenol	CC(=CCCC(=CCCC(=CCCC(=CCCC(=CCCC(=CCCC(=CCCC(=CCC1=CC=CC=C1O)C)C)C)C)C)C)C)C
2-Oxo-3-hydroxy-4-phosphobutanoate	C(C(C(=O)C(=O)O)O)OP(=O)(O)O
2-Oxobutanoate	CCC(=O)C(=O)[O-]
2-Oxoglutarate	C(CC(=O)O)C(=O)C(=O)O
2-Oxopent-4-enoate	C=CCC(=O)C(=O)[O-]
2-Phosphoglycolate	C(C(=O)[O-])OP(=O)([O-])[O-]
2-Succinyl-6-hydroxy-2,4-cyclohexadiene-1-carboxylate	C1=CC(C(C(=C1)C(=O)CCC(=O)O)C(=O)O)O
2-dehydro-3-deoxy-D-arabinonate	C(C(CO)O)C(=O)C(=O)O
2-dehydro-3-deoxy-L-rhamnonate	CC(C(CC(=O)C(=O)[O-])O)O
2-dodecanoyl-sn-glycerol 3-phosphate	
2-hexadec-9-enoyl-sn-glycerol 3-phosphate	
2-hexadecanoyl-sn-glycerol 3-phosphate	CCCCCCCCCCCCCCCC(=O)OC(CO)COP(=O)([O-])[O-]
2-hydroxy-6-ketononatrienedioate	C(=CC(=O)C=CC(=O)O)C=C(C(=O)O)O
2-hydroxycyclohepta-1,4,6-triene-1-carboxyl-CoA	CC(C)(COP(=O)([O-])OP(=O)([O-])OCC1C(C(C(O1)N2C=NC3=C(N=CN=C32)N)O)OP(=O)([O-])[O-])C(C(=O)NCCC(=O)NCCSC(=O)C4=C(CC=CC=C4)O)O
2-hydroxycyclohepta-1,4,6-triene-1-carboxylate	C1C=CC=CC(=C1[O-])C(=O)O
2-hydroxyethyldisulfide	C(CSSCCO)O
2-octadec-11-enoyl-sn-glycerol 3-phosphate	
2-octadecanoyl-sn-glycerol 3-phosphate	CCCCCCCCCCCCCCCCCC(=O)OC(CO)COP(=O)([O-])[O-]
2-oxepin-2(3H)-ylideneacetyl-CoA	CC(C)(COP(=O)(O)OP(=O)(O)OCC1C(C(C(O1)N2C=NC3=C(N=CN=C32)N)O)OP(=O)(O)O)C(C(=O)NCCC(=O)NCCSC(=O)C=C4CC=CC=CO4)O
2-phospho-4-(cytidine 5'-diphospho)-2-C-methyl-D-erythritol	CC(CO)(C(COP(=O)(O)OP(=O)(O)OCC1C(C(C(O1)N2C=CC(=NC2=O)N)O)O)O)OP(=O)(O)O
2-succinyl-5-enolpyruvyl-6-hydroxy-3-cyclohexene-1-carboxylate	C=C(C(=O)O)OC1C=CC(C(C1O)C(=O)O)C(=O)CCC(=O)O
2-tetradec-7-enoyl-sn-glycerol 3-phosphate	
2-tetradecanoyl-sn-glycerol 3-phosphate	
234dhb_c	
234dhba_c	
24dhb_c	
24dhba_c	
25aripyrpp_c	
25dhb_c	
25dhba_c	
2aceeth_c	
2ahhmd_c	
2dhb_c	
2dhba_c	
2h6x24dn_c	
2h6xh24dn_c	
2h6xhp24dn_c	
2napace_c	
3  AMP C10H12N5O7P	
3  CMP C9H12N3O8P	
3  UMP C9H11N2O9P	
3',5'-Cyclic GMP	C1C2C(C(C(O2)N3C=NC4=C3N=C(NC4=O)N)O)OP(=O)(O1)O
3'-Phosphoadenylyl sulfate	C1=NC(=C2C(=N1)N(C=N2)C3C(C(C(O3)COP(=O)(O)OS(=O)(=O)O)OP(=O)(O)O)O)N
3,4-Dihydroxyphenylacetaldehyde	C1=CC(=C(C=C1CC=O)O)O
3,4-dihydroxy-2-butanone 4-phosphate	CC(=O)C(COP(=O)(O)O)O
3,4-dihydroxyphenylacetyl-CoA	CC(C)(COP(=O)([O-])OP(=O)([O-])OCC1C(C(C(O1)N2C=NC3=C(N=CN=C32)N)O)OP(=O)([O-])[O-])C(C(=O)NCCC(=O)NCCSC(=O)CC4=CC(=C(C=C4)O)O)O
3-(2,3-Dihydroxyphenyl)propanoate	C1=CC(=C(C(=C1)O)O)CCC(=O)[O-]
3-(3-hydroxy-phenyl)propionate	
3-(4-Hydroxyphenyl)pyruvate	C1=CC(=CC=C1CC(=O)C(=O)[O-])O
3-(Imidazol-4-yl)-2-oxopropyl phosphate	C1=C(NC=N1)CC(=O)COP(=O)(O)O
3-4-Dihydroxyphenylacetate	
3-Aminoacrylate	C(=CN)C(=O)[O-]
3-Carboxy-2-hydroxy-4-methylpentanoate	CC(C)C(C(C(=O)O)O)C(=O)O
3-Carboxy-3-hydroxy-4-methylpentanoate	CC(C)C(CC(=O)O)(C(=O)O)O
3-Carboxy-4-methyl-2-oxopentanoate	CC(C)C(C(=O)C(=O)O)C(=O)O
3-Dehydro-L-gulonate	C(C(C(C(=O)C(C(=O)O)O)O)O)O
3-Dehydroquinate	C1C(C(C(=O)CC1(C(=O)[O-])O)O)O
3-Dehydroshikimate	C1C(C(C(=O)C=C1C(=O)O)O)O
3-Deoxy-D-manno-2-octulosonate	C(C(C(C(C(CO)O)O)O)O)C(=O)C(=O)O
3-Deoxy-D-manno-octulosonate 8-phosphate	C(C(C(C(C(COP(=O)(O)O)O)O)O)O)C(=O)C(=O)O
3-Hydroxybenzoate	C1=CC(=CC(=C1)[O-])C(=O)O
3-Hydroxyglutaryl-[acyl-carrier protein] methyl ester	
3-Hydroxypimeloyl-[acyl-carrier protein] methyl ester	
3-Hydroxypropanal	C(CO)C=O
3-Hydroxypropanoate	C(CO)C(=O)[O-]
3-Methyl-2-oxobutanoate	CC(C)C(=O)C(=O)O
3-Octaprenyl-4-hydroxybenzoate	CC(=CCCC(=CCCC(=CCCC(=CCCC(=CCCC(=CCCC(=CCCC(=CCC1=C(C=CC(=C1)C(=O)O)[O-])C)C)C)C)C)C)C)C
3-Oxo-glutaryl-[acyl-carrier protein] methyl ester	
3-Oxo-pimeloyl-[acyl-carrier protein] methyl ester	
3-Oxoadipyl-CoA	CC(C)(COP(=O)(O)OP(=O)(O)OCC1C(C(C(O1)N2C=NC3=C(N=CN=C32)N)O)OP(=O)(O)O)C(C(=O)NCCC(=O)NCCSC(=O)CC(=O)CCC(=O)O)O
3-Oxodecanoyl-CoA	CCCCCCCC(=O)CC(=O)SCCNC(=O)CCNC(=O)C(C(C)(C)COP(=O)(O)OP(=O)(O)OCC1C(C(C(O1)N2C=NC3=C(N=CN=C32)N)O)OP(=O)(O)O)O
3-Oxodecanoyl-[acyl-carrier protein]	
3-Oxododecanoyl-CoA	CCCCCCCCCC(=O)CC(=O)SCCNC(=O)CCNC(=O)C(C(C)(C)COP(=O)(O)OP(=O)(O)OCC1C(C(C(O1)N2C=NC3=C(N=CN=C32)N)O)OP(=O)(O)O)O
3-Oxododecanoyl-[acyl-carrier protein]	
3-Oxohexadecanoyl-CoA	CCCCCCCCCCCCCC(=O)CC(=O)SCCNC(=O)CCNC(=O)C(C(C)(C)COP(=O)([O-])OP(=O)([O-])OCC1C(C(C(O1)N2C=NC3=C(N=CN=C32)N)O)OP(=O)([O-])[O-])O
3-Oxohexadecanoyl-[acyl-carrier protein]	
3-Oxohexanoyl-CoA	CCCC(=O)CC(=O)SCCNC(=O)CCNC(=O)C(C(C)(C)COP(=O)(O)OP(=O)(O)OCC1C(C(C(O1)N2C=NC3=C(N=CN=C32)N)O)OP(=O)(O)O)O
3-Oxohexanoyl-[acyl-carrier protein]	
3-Oxooctadecanoyl-CoA	CCCCCCCCCCCCCCCC(=O)CC(=O)SCCNC(=O)CCNC(=O)C(C(C)(C)COP(=O)(O)OP(=O)(O)OCC1C(C(C(O1)N2C=NC3=C(N=CN=C32)N)O)OP(=O)(O)O)O
3-Oxooctadecanoyl-[acyl-carrier protein]	
3-Oxooctanoyl-CoA	CCCCCC(=O)CC(=O)SCCNC(=O)CCNC(=O)C(C(C)(C)COP(=O)(O)OP(=O)(O)OCC1C(C(C(O1)N2C=NC3=C(N=CN=C32)N)O)OP(=O)(O)O)O
3-Oxooctanoyl-[acyl-carrier protein]	
3-Oxotetradecanoyl-CoA	CCCCCCCCCCCC(=O)CC(=O)SCCNC(=O)CCNC(=O)C(C(C)(C)COP(=O)(O)OP(=O)(O)OCC1C(C(C(O1)N2C=NC3=C(N=CN=C32)N)O)OP(=O)(O)O)O
3-Oxotetradecanoyl-[acyl-carrier protein]	
3-Phospho-D-glycerate	C(C(C(=O)O)O)OP(=O)(O)O
3-Phospho-D-glyceroyl phosphate	C(C(C(=O)OP(=O)(O)O)O)OP(=O)(O)O
3-Phosphohydroxypyruvate	C(C(=O)C(=O)O)OP(=O)(O)O
3-Sulfino-L-alanine	C(C(C(=O)O)N)S(=O)O
3-hydroxy-5-phosphonooxypentane-2,4-dione	CC(=O)C(C(=O)COP(=O)(O)O)O
3-hydroxybenzoyl-CoA	CC(C)(COP(=O)(O)OP(=O)(O)OCC1C(C(C(O1)N2C=NC3=C(N=CN=C32)N)O)OP(=O)(O)O)C(C(=O)NCCC(=O)NCCSC(=O)C4=CC(=CC=C4)O)O
3-hydroxycinnamic acid	C1=CC(=CC(=C1)O)C=CC(=O)O
3-keto-L-gulonate-6-phosphate	C(C(C(C(=O)C(C(=O)[O-])O)O)O)OP(=O)([O-])[O-]
3-oxo-5,6-dehydrosuberyl-CoA	CC(C)(COP(=O)(O)OP(=O)(O)OCC1C(C(C(O1)N2C=NC3=C(N=CN=C32)N)O)OP(=O)(O)O)C(C(=O)NCCC(=O)NCCSC(=O)CC(=O)CC=CCC(=O)O)O
3-oxo-cis-dodec-5-enoyl-[acyl-carrier protein]	
3-oxo-cis-myristol-7-eoyl-[acyl-carrier protein]	
3-oxo-cis-palm-9-eoyl-[acyl-carrier protein]	
3-oxo-cis-vacc-11-enoyl-[acyl-carrier protein]	
34dhpac_c	
34dhpha_c	
3?,12?-dihydroxy-7-oxo-5?-cholan-24-oate	
3acepyr_c	
3acepyrh_c	
3adebios_c	
3adeblu_c	
3hbut_R_c	
3hbycoa_c	
3metglu_c	
3metpglu_c	
4,5-dihydroxy-2,3-pentanedione	CC(=O)C(=O)C(CO)O
4-(1-D-Ribitylamino)-5-aminouracil	C(C(C(C(CO)O)O)O)NC1=C(C(=O)NC(=O)N1)N
4-(cytidine 5'-diphospho)-2-C-methyl-D-erythritol	CC(CO)(C(COP(=O)(O)OP(=O)(O)OCC1C(C(C(O1)N2C=CC(=NC2=O)N)O)O)O)O
4-Amino-2-methyl-5-phosphomethylpyrimidine	CC1=NC=C(C(=N1)N)COP(=O)(O)O
4-Amino-4-deoxy-L-arabinose modified core oligosaccharide lipid A	
4-Amino-5-hydroxymethyl-2-methylpyrimidine	CC1=NC=C(C(=N1)N)CO
4-Aminobenzoate	C1=CC(=CC=C1C(=O)[O-])N
4-Aminobutanal	C(CC=O)CN
4-Aminobutanoate	C(CC(=O)O)CN
4-Deoxy-L-threo-5-hexosulose uronate	C(C(C(C=O)O)O)C(=O)C(=O)[O-]
4-Hydroxy-2-oxopentanoate	CC(CC(=O)C(=O)[O-])O
4-Hydroxy-L-threonine	C(C(C(C(=O)O)N)O)O
4-Hydroxybenzoate	C1=CC(=CC=C1C(=O)O)[O-]
4-Hydroxyphenylacetaldehyde	C1=CC(=CC=C1CC=O)O
4-Methyl-2-oxopentanoate	CC(C)CC(=O)C(=O)O
4-Methyl-5-(2-hydroxyethyl)-thiazole	CC1=C(SC=N1)CCO
4-Methyl-5-(2-phosphoethyl)-thiazole	
4-Phospho-D-erythronate	C(C(C(C(=O)O)O)O)OP(=O)(O)O
4-Phospho-L-aspartate	C(C(C(=O)O)N)C(=O)OP(=O)(O)O
4-amino-4-deoxychorismate	C=C(C(=O)O)OC1C=C(C=CC1N)C(=O)O
4-aminobenzoyl-glutamate	C1=CC(=CC=C1C(=O)NC(CCC(=O)[O-])C(=O)[O-])N
4hoxpacd_c	
4hphac_c	
4hynor_c	
4nitace_c	
4nitbut_c	
4nitpro_c	
4plnor_c	
5'-Deoxyadenosine	CC1C(C(C(O1)N2C=NC3=C(N=CN=C32)N)O)O
5'-deoxyribose	CC(C(C(C=O)O)O)O
5,10-Methenyltetrahydrofolate	C1C2CN(C=[N+]2C3=C(N1)N=C(NC3=O)N)C4=CC=C(C=C4)C(=O)NC(CCC(=O)O)C(=O)O
5,10-Methylenetetrahydrofolate	C1C2CN(CN2C3=C(N1)N=C(NC3=O)N)C4=CC=C(C=C4)C(=O)NC(CCC(=O)O)C(=O)O
5,6,7,8-Tetrahydrofolate	C1C(NC2=C(N1)N=C(NC2=O)N)CNC3=CC=C(C=C3)C(=O)NC(CCC(=O)O)C(=O)O
5,6,7,8-tetrahydropteridine	C1CNC2=NC=NC=C2N1
5,6-Dimethylbenzimidazole	CC1=CC2=C(C=C1C)N=CN2
5,6-dihydrouracil	C1CNC(=O)NC1=O
5-Amino-1-(5-Phospho-D-ribosyl)imidazole-4-carboxamide	C1=NC(=C(N1C2C(C(C(O2)COP(=O)(O)O)O)O)N)C(=O)N
5-Amino-4-oxopentanoate	C(CC(=O)O)C(=O)CN
5-Amino-6-(5'-phosphoribitylamino)uracil	C(C(C(C(COP(=O)(O)O)O)O)O)NC1=C(C(=O)NC(=O)N1)N
5-Amino-6-(5'-phosphoribosylamino)uracil	C(C1C(C(C(O1)NC2=C(C(=O)NC(=O)N2)N)O)O)OP(=O)(O)O
5-Dehydro-4-deoxy-D-glucarate	C(C(C(C(=O)[O-])O)O)C(=O)C(=O)[O-]
5-Dehydro-D-gluconate	C(C(=O)C(C(C(C(=O)[O-])O)O)O)O
5-Formamido-1-(5-phospho-D-ribosyl)imidazole-4-carboxamide	C1=NC(=C(N1C2C(C(C(O2)COP(=O)(O)O)O)O)NC=O)C(=O)N
5-Formyltetrahydrofolate	C1C(N(C2=C(N1)N=C(NC2=O)N)C=O)CNC3=CC=C(C=C3)C(=O)NC(CCC(=O)O)C(=O)O
5-Methyltetrahydrofolate	CN1C(CNC2=C1C(=O)NC(=N2)N)CNC3=CC=C(C=C3)C(=O)NC(CCC(=O)O)C(=O)O
5-Methylthio-D-ribose	CSCC1C(C(C(O1)O)O)O
5-Methylthioadenosine	CSCC1C(C(C(O1)N2C=NC3=C(N=CN=C32)N)O)O
5-O-(1-Carboxyvinyl)-3-phosphoshikimate	C=C(C(=O)O)OC1CC(=CC(C1O)OP(=O)(O)O)C(=O)O
5-Phospho-alpha-D-ribose 1-diphosphate	C(C1C(C(C(O1)OP(=O)(O)OP(=O)(O)O)O)O)OP(=O)(O)O
5-Phospho-beta-D-ribosylamine	C(C1C(C(C(O1)N)O)O)OP(=O)(O)O
5-Phosphoguanylyl(3->5)guanosine	
5-[(5-phospho-1-deoxyribulos-1-ylamino)methylideneamino]-1-(5-phosphoribosyl)imidazole-4-carboxamide	C1=NC(=C(N1C2C(C(C(O2)COP(=O)(O)O)O)O)NC=NCC(=O)C(C(COP(=O)(O)O)O)O)C(=O)N
5-amino-1-(5-phospho-D-ribosyl)imidazole	C1=C(N(C=N1)C2C(C(C(O2)COP(=O)(O)O)O)O)N
5-amino-1-(5-phospho-D-ribosyl)imidazole-4-carboxylate	C1=NC(=C(N1C2C(C(C(O2)COP(=O)(O)O)O)O)N)C(=O)O
5-phospho-?-D-ribose 1,2-cyclic phosphate	
5-phosphoribosyl-5-carboxyaminoimidazole	
6,7-Dihydropteridine	C1CN=C2C(=N1)C=NC=N2
6,7-Dimethyl-8-(1-D-ribityl)lumazine	CC1=C(N(C2=NC(=O)NC(=O)C2=N1)CC(C(C(CO)O)O)O)C
6-Acetyl-D-glucose	CC(=O)OCC1C(C(C(C(O1)O)O)O)O
6-Phospho-D-gluconate	C(C(C(C(C(C(=O)O)O)O)O)O)OP(=O)(O)O
6-Phospho-beta-D-glucosyl-(1,4)-D-glucose	C(C1C(C(C(C(O1)O)O)O)OC2C(C(C(C(O2)COP(=O)(O)O)O)O)O)O
6-carboxy-5,6,7,8-tetrahydropterin	C1C(NC2=C(N1)N=C(NC2=O)N)C(=O)O
6-deoxy-6-sulphofructose	C(C1C(C(C(O1)(CO)O)O)O)S(=O)(=O)[O-]
6-deoxy-6-sulphofructose 1-phosphate	C(C1C(C(C(O1)(COP(=O)([O-])[O-])O)O)O)S(=O)(=O)[O-]
6-hydroxymethyl dihydropterin	
6-hydroxymethyl-dihydropterin pyrophosphate	C1C(=NC2=C(N1)N=C(NC2=O)N)COP(=O)([O-])OP(=O)([O-])[O-]
6-phospho-D-glucono-1,5-lactone	C(C1C(C(C(C(=O)O1)O)O)O)OP(=O)(O)O
6dg_c	
6dpsip_c	
6dsor1p_D_c	
6fESEP_c	
6flu_c	
7,8-Diaminononanoate	CC(C(CCCCCC(=O)O)N)N
7,8-Dihydrofolate	C1C(=NC2=C(N1)N=C(NC2=O)N)CNC3=CC=C(C=C3)C(=O)NC(CCC(=O)O)C(=O)O
7-aminomethyl-7-deazaguanine	C1=C(C2=C(N1)N=C(NC2=O)N)CN
7-cyano-7-carbaguanine	C1=C(C2=C(N1)N=C(NC2=O)N)C#N
7-deaza-7-carboxyguanine	C1=C(C2=C(N1)N=C(NC2=O)N)C(=O)O
8-Amino-7-oxononanoate	CC(C(=O)CCCCCC(=O)[O-])N
9adespec_c	
?-D-ribose-1-methylphosphonate 5-phosphate	
?-D-ribose-1-methylphosphonate-5-triphosphate	
ADP	C1=NC(=C2C(=N1)N(C=N2)C3C(C(C(O3)COP(=O)(O)OP(=O)(O)O)O)O)N
ADP C10H12N5O10P2	
ADP-D-glycero-D-manno-heptose	C1=NC(=C2C(=N1)N(C=N2)C3C(C(C(O3)COP(=O)(O)OP(=O)(O)OC4C(C(C(C(O4)C(CO)O)O)O)O)O)O)N
ADP-L-glycero-D-manno-heptose	C1=NC(=C2C(=N1)N(C=N2)C3C(C(C(O3)COP(=O)(O)OP(=O)(O)OC4C(C(C(C(O4)C(CO)O)O)O)O)O)O)N
ADPglucose C16H23N5O15P2	
ADPribose C15H21N5O14P2	
AMP	C1=NC(=C2C(=N1)N(C=N2)C3C(C(C(O3)COP(=O)(O)O)O)O)N
AMP C10H12N5O7P	
ATP	C1=NC(=C2C(=N1)N(C=N2)C3C(C(C(O3)COP(=O)(O)OP(=O)(O)OP(=O)(O)O)O)O)N
ATP C10H12N5O13P3	
Acetaldehyde	CC=O
Acetate	CC(=O)[O-]
Acetoacetate	CC(=O)CC(=O)[O-]
Acetoacetyl-ACP	
Acetoacetyl-CoA	CC(=O)CC(=O)SCCNC(=O)CCNC(=O)C(C(C)(C)COP(=O)(O)OP(=O)(O)OCC1C(C(C(O1)N2C=NC3=C(N=CN=C32)N)O)OP(=O)(O)O)O
Acetol cytosol	
Acetyl phosphate	CC(=O)OP(=O)(O)O
Acetyl-ACP	
Acetyl-CoA	CC(=O)SCCNC(=O)CCNC(=O)C(C(C)(C)COP(=O)(O)OP(=O)(O)OCC1C(C(C(O1)N2C=NC3=C(N=CN=C32)N)O)OP(=O)(O)O)O
Acetyl-maltose	CC(=O)OCC1C(C(C(C(O1)OC2C(OC(C(C2O)O)O)CO)O)O)O
Acyl carrier protein	
Acyl phosphatidylglycerol (n-C12:0)	CCCCCCCCCCCC(=O)OCC(COP(=O)([O-])OCC(COC(=O)CCCCCCCCCCC)OC(=O)CCCCCCCCCCC)O
Acyl phosphatidylglycerol (n-C14:0)	CCCCCCCCCCCCCC(=O)OCC(COP(=O)([O-])OCC(COC(=O)CCCCCCCCCCCCC)OC(=O)CCCCCCCCCCCCC)O
Acyl phosphatidylglycerol (n-C14:1)	
Acyl phosphatidylglycerol (n-C16:0)	CCCCCCCCCCCCCCCC(=O)OCC(COP(=O)([O-])OCC(COC(=O)CCCCCCCCCCCCCCC)OC(=O)CCCCCCCCCCCCCCC)O
Acyl phosphatidylglycerol (n-C16:1)	
Acyl phosphatidylglycerol (n-C18:0)	CCCCCCCCCCCCCCCCCC(=O)OCC(COP(=O)([O-])OCC(COC(=O)CCCCCCCCCCCCCCCCC)OC(=O)CCCCCCCCCCCCCCCCC)O
Acyl phosphatidylglycerol (n-C18:1)	
Adenine	C1=NC2=NC=NC(=C2N1)N
Adenosine	C1=NC(=C2C(=N1)N(C=N2)C3C(C(C(O3)CO)O)O)N
Adenosine 3',5'-bisphosphate	C1=NC(=C2C(=N1)N(C=N2)C3C(C(C(O3)COP(=O)(O)O)OP(=O)(O)O)O)N
Adenosine 5'-(3-{5-[(2S)-5-carbamoyl-2-hydroxy-3,4-dihydropyridin-1-yl]-5-deoxy-?-D-ribofuranosyl} dihydrogen diphosphate)	
Adenosine 5'-phosphosulfate	C1=NC(=C2C(=N1)N(C=N2)C3C(C(C(O3)COP(=O)(O)OS(=O)(=O)O)O)O)N
Adenosine thiamine triphosphate	CC1=C(SC=[N+]1CC2=CN=C(N=C2N)C)CCOP(=O)([O-])OP(=O)([O-])OP(=O)([O-])OCC3C(C(C(O3)N4C=NC5=C(N=CN=C54)N)O)O
Adenosine-GDP-cobinamide	CC1=C2C(C(C([N-]2)C3(C(C(C(=N3)C(=C4C(C(C(=N4)C=C5C(C(C1=N5)CCC(=O)N)(C)C)CCC(=O)N)(C)CC(=O)N)C)CCC(=O)N)(C)CC(=O)N)C)CC(=O)N)(C)CCC(=O)NCC(C)OP(=O)(O)OP(=O)(O)OCC6C(C(C(O6)N7C=NC8=C7N=C(NC8=O)N)O)O.[CH2-]C1C(C(C(O1)N2C=NC3=C(N=CN=C32)N)O)O.[Co]
Adenosyl cobinamide	CC1=C2C(C(C([N-]2)C3(C(C(C(=N3)C(=C4C(C(C(=N4)C=C5C(C(C1=N5)CCC(=O)N)(C)C)CCC(=O)N)(C)CC(=O)N)C)CCC(=O)N)(C)CC(=O)N)C)CC(=O)N)(C)CCC(=O)NCC(C)O.[CH2-]C1C(C(C(O1)N2C=NC3=C(N=CN=C32)N)O)O.[Co]
Adenosyl cobinamide phosphate	CC1=C2C(C(C([N-]2)C3(C(C(C(=N3)C(=C4C(C(C(=N4)C=C5C(C(C1=N5)CCC(=O)N)(C)C)CCC(=O)N)(C)CC(=O)N)C)CCC(=O)N)(C)CC(=O)N)C)CC(=O)N)(C)CCC(=O)NCC(C)OP(=O)(O)O.[CH2-]C1C(C(C(O1)N2C=NC3=C(N=CN=C32)N)O)O.[Co]
Adenosylcobalamin	CC1=CC2=C(C=C1C)N(C=N2)C3C(C(C(O3)CO)OP(=O)([O-])OC(C)CNC(=O)CCC4(C(C5C6(C(C(C(=N6)C(=C7C(C(C(=N7)C=C8C(C(C(=N8)C(=C4[N-]5)C)CCC(=O)N)(C)C)CCC(=O)N)(C)CC(=O)N)C)CCC(=O)N)(C)CC(=O)N)C)CC(=O)N)C)O.[CH2-]C1C(C(C(O1)N2C=NC3=C(N=CN=C32)N)O)O.[Co]
Adenylated molybdopterin	
Aerobactin	CC(=O)N(CCCCC(C(=O)O)NC(=O)CC(CC(=O)NC(CCCCN(C(=O)C)O)C(=O)O)(C(=O)O)O)O
Aerobactin minus Fe3	CC(=O)N(CCCCC(C(=O)[O-])NC(=O)CC(CC(=O)NC(CCCCN(C(=O)C)O)C(=O)[O-])(C(=O)[O-])O)O
Agmatine	C(CCN=C(N)N)CN
All-trans-Octaprenyl diphosphate	CC(=CCCC(=CCCC(=CCCC(=CCCC(=CCCC(=CCCC(=CCCC(=CCOP(=O)(O)OP(=O)(O)O)C)C)C)C)C)C)C)C
Allantoate	C(C(=O)[O-])(NC(=O)N)NC(=O)N
Allantoin	C1(C(=O)NC(=O)N1)NC(=O)N
Allulose 6-phosphate	
Alpha,alpha'-Trehalose 6-phosphate	C(C1C(C(C(C(O1)OC2C(C(C(C(O2)COP(=O)(O)O)O)O)O)O)O)O)O
Alpha-D-Galactose 1-phosphate	C(C1C(C(C(C(O1)OP(=O)(O)O)O)O)O)O
Alpha-D-Ribose 1-phosphate	C(C1C(C(C(O1)OP(=O)(O)O)O)O)O
Alpha-D-Ribose 5-phosphate	C(C1C(C(C(O1)O)O)O)OP(=O)(O)O
Aminoacetaldehyde	C(C=O)N
Aminoacetone	CC(=O)CN
Aminomethylphosphonate	C([NH3+])P(=O)([O-])[O-]
Ammonium	[NH4+]
Anthranilate	C1=CC=C(C(=C1)C(=O)O)N
Apoprotein [acyl carrier protein]	
Applipoprotein	
Arbutin 6-phosphate	C1=CC(=CC=C1O)OC2C(C(C(C(O2)COP(=O)(O)O)O)O)O
Arbutin C12H16O7	
Arsenate	
Arsenite	
Beta D-Galactose	C(C1C(C(C(C(O1)O)O)O)O)O
Beta-Alanine	C(CN)C(=O)O
Betaine aldehyde	C[N+](C)(C)CC=O
Bicarbonate	C(=O)(O)[O-]
Biotin	C1C2C(C(S1)CCCCC(=O)O)NC(=O)N2
Bis-molybdenum cofactor	
Bis-molybdopterin guanine dinucleotide	
Bis-molybdopterin mono-guanine dinucleotide	
Branching glycogen	
But-2-enoyl-[acyl-carrier protein]	
Butanal	CCCC=O
Butanal C4H8O	
Butanesulfonate	CCCCS(=O)(=O)[O-]
Butanoyl-CoA	CCCC(=O)SCCNC(=O)CCNC(=O)C(C(C)(C)COP(=O)(O)OP(=O)(O)OCC1C(C(C(O1)N2C=NC3=C(N=CN=C32)N)O)OP(=O)(O)O)O
Butyrate (n-C4:0)	
Butyryl-ACP (n-C4:0ACP)	
C'-(3-Indolyl)-glycerol 3-phosphate	
C00090_c	
C00102_c	
C00192_c	
C00216_c	
C00247_c	
C00248_c	
C00324_c	
C00353_c	
C00408_c	
C00447_c	
C00476_c	
C00491_c	
C00579_c	
C00586_c	
C00660_c	
C00665_c	
C00750_c	
C00764_c	
C00791_c	
C00870_c	
C00872_c	
C00888_c	
C00902_c	
C01042_c	
C01044_c	
C01077_c	
C01113_c	
C01136_c	
C01380_c	
C01719_c	
C01771_c	
C01796_c	
C01826_c	
C01904_c	
C01913_c	
C01933_c	
C01962_c	
C02078_c	
C02090_c	
C02097_c	
C02115_c	
C02126_c	
C02266_c	
C02306_c	
C02356_c	
C02426_c	
C02565_c	
C02578_c	
C02630_c	
C02635_c	
C02669_c	
C02710_c	
C02888_c	
C02895_c	
C02923_c	
C02976_c	
C03170_c	
C03248_c	
C03360_c	
C03771_c	
C05720_c	
C06255_c	
C06369_c	
C06441_c	
C06728_c	
C06814_c	
C07458_c	
C07655_c	
C11169_c	
C11713_c	
C11714_c	
C12455_c	
C17573_c	
CAMP C10H11N5O6P	
CDP	C1=CN(C(=O)N=C1N)C2C(C(C(O2)COP(=O)(O)OP(=O)(O)O)O)O
CDP C9H12N3O11P2	
CDP-1,2-didodecanoylglycerol	CCCCCCCCCCCC(=O)OCC(COP(=O)(O)OP(=O)(O)OCC1C(C(C(O1)N2C=CC(=NC2=O)N)O)O)OC(=O)CCCCCCCCCCC
CDP-1,2-dihexadec-9-enoylglycerol	CCCCCCC=CCCCCCCCC(=O)OCC(COP(=O)(O)OP(=O)(O)OCC1C(C(C(O1)N2C=CC(=NC2=O)N)O)O)OC(=O)CCCCCCCC=CCCCCCC
CDP-1,2-dihexadecanoylglycerol	
CDP-1,2-dioctadec-11-enoylglycerol	CCCCCCC=CCCCCCCCCCC(=O)OCC(COP(=O)(O)OP(=O)(O)OCC1C(C(C(O1)N2C=CC(=NC2=O)N)O)O)OC(=O)CCCCCCCCCC=CCCCCCC
CDP-1,2-dioctadecanoylglycerol	CCCCCCCCCCCCCCCCCC(=O)OCC(COP(=O)([O-])OP(=O)([O-])OCC1C(C(C(O1)N2C=CC(=NC2=O)N)O)O)OC(=O)CCCCCCCCCCCCCCCCC
CDP-1,2-ditetradec-7-enoylglycerol	CCCCCCC=CCCCCCC(=O)OCC(COP(=O)(O)OP(=O)(O)OCC1C(C(C(O1)N2C=CC(=NC2=O)N)O)O)OC(=O)CCCCCC=CCCCCCC
CDP-1,2-ditetradecanoylglycerol	CCCCCCCCCCCCCC(=O)OCC(COP(=O)(O)OP(=O)(O)OCC1C(C(C(O1)N2C=CC(=NC2=O)N)O)O)OC(=O)CCCCCCCCCCCCC
CMP	C1=CN(C(=O)N=C1N)C2C(C(C(O2)COP(=O)(O)O)O)O
CMP C9H12N3O8P	
CMP-3-deoxy-D-manno-octulosonate	C1C(C(C(OC1(C(=O)O)OP(=O)(O)OCC2C(C(C(O2)N3C=CC(=NC3=O)N)O)O)C(CO)O)O)O
CO2	C(=O)=O
CO2 CO2	
CTP	C1=CN(C(=O)N=C1N)C2C(C(C(O2)COP(=O)(O)OP(=O)(O)OP(=O)(O)O)O)O
CTP C9H12N3O14P3	
Cadmium	[Cd]
Calcium	[Ca]
Carbamate	C(=O)(N)[O-]
Carbamoyl phosphate	C(=O)(N)OP(=O)(O)O
Carboxy-S-adenosyl-L-methionine	C1=NC(=C2C(=N1)N(C=N2)C3C(C(C(O3)C[S+](CCC(C(=O)[O-])[NH3+])CC(=O)[O-])O)O)N
Cardiolipin (tetradodecanoyl, n-C12:0)	
Cardiolipin (tetrahexadec-9-enoyl, n-C16:1)	CCCCCCC=CCCCCCCCC(=O)OCC(COP(=O)(O)OCC(COP(=O)(O)OCC(COC(=O)CCCCCCCC=CCCCCCC)OC(=O)CCCCCCCC=CCCCCCC)O)OC(=O)CCCCCCCC=CCCCCCC
Cardiolipin (tetrahexadecanoyl, n-C16:0)	CCCCCCCCCCCCCCCC(=O)OCC(COP(=O)([O-])OCC(COP(=O)([O-])OCC(COC(=O)CCCCCCCCCCCCCCC)OC(=O)CCCCCCCCCCCCCCC)O)OC(=O)CCCCCCCCCCCCCCC
Cardiolipin (tetraoctadec-11-enoyl, n-C18:1)	CCCCCCC=CCCCCCCCCCC(=O)OCC(COP(=O)(O)OCC(COP(=O)(O)OCC(COC(=O)CCCCCCCCCC=CCCCCCC)OC(=O)CCCCCCCCCC=CCCCCCC)O)OC(=O)CCCCCCCCCC=CCCCCCC
Cardiolipin (tetraoctadecanoyl, n-C18:0)	
Cardiolipin (tetratetradec-7-enoyl, n-C14:1)	
Cardiolipin (tetratetradecanoyl, n-C14:0)	CCCCCCCCCCCCCC(=O)OCC(COP(=O)([O-])OCC(COP(=O)([O-])OCC(COC(=O)CCCCCCCCCCCCC)OC(=O)CCCCCCCCCCCCC)O)OC(=O)CCCCCCCCCCCCC
Cellobiose	C(C1C(C(C(C(O1)OC2C(OC(C(C2O)O)O)CO)O)O)O)O
Cesium ion	[Cs+]
Chloramphenicol	C1=CC(=CC=C1C(C(CO)NC(=O)C(Cl)Cl)O)[N+](=O)[O-]
Chloride	[Cl-]
Cholate c	
Choline	C[N+](C)(C)CCO
Choline C5H14NO	
Chorismate	C=C(C(=O)O)OC1C=C(C=CC1O)C(=O)O
Cis-2-Methylaconitate	CC(=C(CC(=O)O)C(=O)O)C(=O)O
Cis-3-(3-carboxyethenyl)-3,5-cyclohexadiene-1,2-diol	C1=CC(C(C(=C1)C=CC(=O)O)O)O
Cis-3-(3-carboxyethyl)-3,5-cyclohexadiene-1,2-diol	C1=CC(C(C(=C1)CCC(=O)[O-])O)O
Cis-Aconitate	C(C(=CC(=O)O)C(=O)O)C(=O)O
Cis-dec-3-enoyl-[acyl-carrier protein] (n-C10:1)	
Cis-dodec-5-enoyl-[acyl-carrier protein] (n-C12:1)	
Cis-hexadec-9-enoyl-[acyl-carrier protein] (n-C16:1)	
Cis-octadec-11-enoyl-[acyl-carrier protein] (n-C18:1)	
Cis-tetradec-7-enoyl-[acyl-carrier protein] (n-C14:1)	
Citrate	C(C(=O)[O-])C(CC(=O)[O-])(C(=O)[O-])O
Co2+	[Co+2]
Cob(I)alamin	CC1=CC2=C(C=C1C)N(C=N2)C3C(C(C(O3)CO)OP(=O)([O-])OC(C)CNC(=O)CCC4(C(C5C6(C(C(C(=N6)C(=C7C(C(C(=N7)C=C8C(C(C(=N8)C(=C4[N-]5)C)CCC(=O)N)(C)C)CCC(=O)N)(C)CC(=O)N)C)CCC(=O)N)(C)CC(=O)N)C)CC(=O)N)C)O.[Co]
Cobinamide	CC1=C2C(C(C([N-]2)C3(C(C(C(=N3)C(=C4C(C(C(=N4)C=C5C(C(C1=N5)CCC(=O)N)(C)C)CCC(=O)N)(C)CC(=O)N)C)CCC(=O)N)(C)CC(=O)N)C)CC(=O)N)(C)CCC(=O)NCC(C)O.[Co+3]
Coenzyme A	CC(C)(COP(=O)(O)OP(=O)(O)OCC1C(C(C(O1)N2C=NC3=C(N=CN=C32)N)O)OP(=O)(O)O)C(C(=O)NCCC(=O)NCCS)O
Cold adapted KDO(2)-lipid (A)	CCCCCCCCCCCCCC(=O)OC(CCCCCCCCCCC)CC(=O)OC1C(C(OC(C1OP(=O)([O-])[O-])COC2(CC(C(C(O2)C(CO)O)O)OC3(CC(C(C(O3)C(CO)O)O)O)C(=O)[O-])C(=O)[O-])OCC4C(C(C(C(O4)OP(=O)([O-])[O-])NC(=O)CC(CCCCCCCCCCC)O)OC(=O)CC(CCCCCCCCCCC)O)O)NC(=O)CC(CCCCCCCCCCC)OC(=O)CCCCCCCC=CCCCCCC
Copper	[Cu]
Coprogen	CC(=CC(=O)N(CCCC1C(=O)NC(C(=O)N1)CCCN(C(=O)C=C(C)CCOC(=O)C(CCCN(C(=O)C=C(C)CCO)[O-])NC(=O)C)[O-])[O-])CCO.[Fe+3]
Coprogen unloaded (no Fe(III))	
Coproporphyrinogen III	CC1=C2CC3=C(C(=C(N3)CC4=C(C(=C(N4)CC5=C(C(=C(N5)CC(=C1CCC(=O)O)N2)C)CCC(=O)O)C)CCC(=O)O)CCC(=O)O)C
Core oligosaccharide lipid A	
Core oligosaccharide lipid A diphosphate	
Crotonobetaine	C[N+](C)(C)CC=CC(=O)[O-]
Crotonobetainyl-CoA	CC(C)(COP(=O)(O)OP(=O)(O)OCC1C(C(C(O1)N2C=NC3=C(N=CN=C32)N)O)OP(=O)(O)O)C(C(=O)NCCC(=O)NCCSC(=O)C=CC[N+](C)(C)C)O
Crotonoyl-CoA	CC=CC(=O)SCCNC(=O)CCNC(=O)C(C(C)(C)COP(=O)(O)OP(=O)(O)OCC1C(C(C(O1)N2C=NC3=C(N=CN=C32)N)O)OP(=O)(O)O)O
Cu+	
Curcumin	COC1=C(C=CC(=C1)C=CC(=O)CC(=O)C=CC2=CC(=C(C=C2)O)OC)O
Cyanate	C(=[N-])=O
Cyclic diguanosine monophosphate	
Cyclic pyranopterin monophosphate	C1C2C(C(C3C(O2)NC4=C(N3)C(=O)NC(=N4)N)(O)O)OP(=O)(O1)O
Cyclopropane phosphatidylethanolamine (dihexadec-9,10-cyclo-anoyl, n-C16:0 cyclo)	CCCCCCC1CC1CCCCCCCC(=O)OCC(COP(=O)([O-])OCC[NH3+])OC(=O)CCCCCCCC2CC2CCCCCC
Cyclopropane phosphatidylethanolamine (dioctadec-11,12-cyclo-anoyl, n-C18:0 cyclo)	
Cyclopropane phosphatidylglycerol (dihexadec-9,10-cyclo-anoyl, n-C16:0 cyclo)	CCCCCCC1CC1CCCCCCCC(=O)OCC(COP(=O)([O-])OCC(CO)O)OC(=O)CCCCCCCC2CC2CCCCCC
Cyclopropane phosphatidylglycerol (dioctadec-11,12-cyclo-anoyl, n-C18:0 cyclo)	CCCCCCC1CC1CCCCCCCCCC(=O)OCC(COP(=O)([O-])OCC(CO)O)OC(=O)CCCCCCCCCC2CC2CCCCCC
Cys Gly C5H10N2O3S	
Cys-Gly	C(C(C(=O)NCC(=O)O)N)S
Cytidine	C1=CN(C(=O)N=C1N)C2C(C(C(O2)CO)O)O
Cytosine	C1=C(NC(=O)N=C1)N
D Arabinose C5H10O5	
D-4'-Phosphopantothenate	CC(C)(COP(=O)(O)O)C(C(=O)NCCC(=O)O)O
D-Alanine	CC(C(=O)O)N
D-Alanyl-D-alanine	CC(C(=O)NC(C)C(=O)O)N
D-Allose	C(C1C(C(C(C(O1)O)O)O)O)O
D-Allose 6-phosphate	C(C(C(C(C(C=O)O)O)O)O)OP(=O)(O)O
D-Altronate	C(C(C(C(C(C(=O)[O-])O)O)O)O)O
D-Arabinose 5-phosphate	C(C(C(C(C=O)O)O)O)OP(=O)(O)O
D-Carnitine	C[N+](C)(C)CC(CC(=O)[O-])O
D-Cysteine	C(C(C(=O)O)N)S
D-Erythrose 4-phosphate	C(C(C(C=O)O)O)OP(=O)(O)O
D-Fructose	C1C(C(C(C(O1)(CO)O)O)O)O
D-Fructose 1,6-bisphosphate	
D-Fructose 1-phosphate	C(C(C(C(C(=O)COP(=O)(O)O)O)O)O)O
D-Fructose 6-phosphate	C(C(C(C(C(=O)CO)O)O)O)OP(=O)(O)O
D-Fructuronate	C(C1(C(C(C(O1)C(=O)O)O)O)O)O
D-Galactarate	C(C(C(C(=O)O)O)O)(C(C(=O)O)O)O
D-Galactonate	C(C(C(C(C(C(=O)[O-])O)O)O)O)O
D-Galactose	C(C1C(C(C(C(O1)O)O)O)O)O
D-Galacturonate	C1(C(C(OC(C1O)O)C(=O)O)O)O
D-Glucarate	C(C(C(C(=O)O)O)O)(C(C(=O)O)O)O
D-Gluconate	C(C(C(C(C(C(=O)[O-])O)O)O)O)O
D-Glucosamine	C(C1C(C(C(C(O1)O)N)O)O)O
D-Glucosamine 1-phosphate	C(C1C(C(C(C(O1)OP(=O)(O)O)N)O)O)O
D-Glucosamine 6-phosphate	C(C1C(C(C(C(O1)O)N)O)O)OP(=O)(O)O
D-Glucose	C(C1C(C(C(C(O1)O)O)O)O)O
D-Glucose 1-phosphate	C(C1C(C(C(C(O1)OP(=O)(O)O)O)O)O)O
D-Glucose 6-phosphate	C(C(C(C(C(C=O)O)O)O)O)OP(=O)(O)O
D-Glucuronate	C1(C(C(OC(C1O)O)C(=O)O)O)O
D-Glucuronate 1-phosphate	C1(C(C(OC(C1O)OP(=O)(O)O)C(=O)O)O)O
D-Glutamate	C(CC(=O)O)C(C(=O)O)N
D-Glyceraldehyde	C(C(C=O)O)O
D-Glycerate 2-phosphate	C(C(C(=O)O)OP(=O)(O)O)O
D-Glycero-D-manno-heptose 1,7-bisphosphate	C(C(C1C(C(C(C(O1)OP(=O)(O)O)O)O)O)O)OP(=O)(O)O
D-Glycero-D-manno-heptose 1-phosphate	C(C(C1C(C(C(C(O1)OP(=O)(O)O)O)O)O)O)O
D-Glycero-D-manno-heptose 7-phosphate	C(C(C1C(C(C(C(O1)O)O)O)O)O)OP(=O)(O)O
D-Lactaldehyde	CC(C=O)O
D-Lactate	CC(C(=O)O)O
D-Malate	C(C(C(=O)O)O)C(=O)O
D-Mannitol	C(C(C(C(C(CO)O)O)O)O)O
D-Mannitol 1-phosphate	C(C(C(C(C(COP(=O)(O)O)O)O)O)O)O
D-Mannonate	C(C(C(C(C(C(=O)O)O)O)O)O)O
D-Mannose	C(C1C(C(C(C(O1)O)O)O)O)O
D-Mannose 1-phosphate	C(C1C(C(C(C(O1)OP(=O)(O)O)O)O)O)O
D-Mannose 6-phosphate	C(C1C(C(C(C(O1)O)O)O)O)OP(=O)(O)O
D-Methionine	CSCCC(C(=O)O)N
D-Ribose	C1C(C(C(C(O1)O)O)O)O
D-Ribose 1,5-bisphosphate	C(C1C(C(C(O1)OP(=O)(O)O)O)O)OP(=O)(O)O
D-Ribulose	C(C(C(C(=O)CO)O)O)O
D-Ribulose 5-phosphate	C(C(C(C(=O)CO)O)O)OP(=O)(O)O
D-Serine	C(C(C(=O)O)N)O
D-Sorbitol	C(C(C(C(C(CO)O)O)O)O)O
D-Sorbitol 6-phosphate	C(C(C(C(C(COP(=O)(O)O)O)O)O)O)O
D-Tagatose 1,6-biphosphate	
D-Tagatose 6-phosphate	C(C1C(C(C(O1)(CO)O)O)O)OP(=O)(O)O
D-Tagaturonate	C(C(=O)C(C(C(C(=O)[O-])O)O)O)O
D-Xylonate	C(C(C(C(C(=O)[O-])O)O)O)O
D-Xylose	C1C(C(C(C(O1)O)O)O)O
D-Xylulose	C(C(C(C(=O)CO)O)O)O
D-Xylulose 5-phosphate	C(C(C(C(=O)CO)O)O)OP(=O)(O)O
D-biotin d-sulfoxide	C1C2C(C(S1=O)CCCCC(=O)[O-])NC(=O)N2
D-carnitinyl-CoA	CC(C)(COP(=O)([O-])OP(=O)([O-])OCC1C(C(C(O1)N2C=NC3=C(N=CN=C32)N)O)OP(=O)([O-])[O-])C(C(=O)NCCC(=O)NCCSC(=O)CC(C[N+](C)(C)C)O)O
D-erythro-1-(Imidazol-4-yl)glycerol 3-phosphate	C1=C(NC=N1)C(C(COP(=O)(O)O)O)O
D-erythrose	C(C(C(C=O)O)O)O
D-tartrate	C(C(C(=O)[O-])O)(C(=O)[O-])O
DADP C10H12N5O9P2	
DAMP C10H12N5O6P	
DATP C10H12N5O12P3	
DCDP C9H12N3O10P2	
DCMP C9H12N3O7P	
DCTP C9H12N3O13P3	
DGDP C10H12N5O10P2	
DGMP C10H12N5O7P	
DGTP C10H12N5O13P3	
DIDP; 2'-deoxyinosine-5'-diphosphate(3-)	
DIMP C10H12N4O7P	
DITP(4-)	C1C(C(OC1N2C=NC3=C2N=CNC3=O)COP(=O)([O-])OP(=O)([O-])OP(=O)([O-])[O-])O
DTDP C10H13N2O11P2	
DTDP-4-acetamido-4,6-dideoxy-D-galactose	CC1C(C(C(C(O1)OP(=O)(O)OP(=O)(O)OCC2C(CC(O2)N3C=C(C(=O)NC3=O)C)O)O)O)NC(=O)C
DTDP-4-amino-4,6-dideoxy-D-galactose	CC1C(C(C(C(O1)OP(=O)(O)OP(=O)(O)OCC2C(CC(O2)N3C=C(C(=O)NC3=O)C)O)O)O)N
DTDP-4-dehydro-6-deoxy-D-glucose	CC1C(=O)C(C(C(O1)OP(=O)(O)OP(=O)(O)OCC2C(CC(O2)N3C=C(C(=O)NC3=O)C)O)O)O
DTDP-4-dehydro-6-deoxy-L-mannose	CC1C(=O)C(C(C(O1)OP(=O)(O)OP(=O)(O)OCC2C(CC(O2)N3C=C(C(=O)NC3=O)C)O)O)O
DTDP-L-rhamnose	CC1C(C(C(C(O1)OP(=O)(O)OP(=O)(O)OCC2C(CC(O2)N3C=C(C(=O)NC3=O)C)O)O)O)O
DTDPglucose	CC1=CN(C(=O)NC1=O)C2CC(C(O2)COP(=O)(O)OP(=O)(O)OC3C(C(C(C(O3)CO)O)O)O)O
DTMP C10H13N2O8P	
DTTP C10H13N2O14P3	
DUDP C9H11N2O11P2	
DUMP C9H11N2O8P	
DUTP C9H11N2O14P3	
Deamino-NAD+	C1=CC(=C[N+](=C1)C2C(C(C(O2)COP(=O)(O)OP(=O)(O)OCC3C(C(C(O3)N4C=NC5=C(N=CN=C54)N)O)O)O)O)C(=O)O
Decanoate (n-C10:0)	
Decanoyl-ACP (n-C10:0ACP)	
Decanoyl-CoA (n-C10:0CoA)	CCCCCCCCCC(=O)SCCNC(=O)CCNC(=O)C(C(C)(C)COP(=O)(O)OP(=O)(O)OCC1C(C(C(O1)N2C=NC3=C(N=CN=C32)N)O)OP(=O)(O)O)O
Dehydroglycine	C(=N)C(=O)O
Deoxyadenosine	C1C(C(OC1N2C=NC3=C(N=CN=C32)N)CO)O
Deoxycytidine	C1C(C(OC1N2C=CC(=NC2=O)N)CO)O
Deoxyguanosine	C1C(C(OC1N2C=NC3=C2N=C(NC3=O)N)CO)O
Deoxyinosine	C1C(C(OC1N2C=NC3=C2N=CNC3=O)CO)O
Deoxyuridine	C1C(C(OC1N2C=CC(=O)NC2=O)CO)O
Dephospho-CoA	CC(C)(COP(=O)(O)OP(=O)(O)OCC1C(C(C(O1)N2C=NC3=C(N=CN=C32)N)O)O)C(C(=O)NCCC(=O)NCCS)O
Dethiobiotin	CC1C(NC(=O)N1)CCCCCC(=O)O
Diacetylchitobiose-6-phosphate	CC(=O)NC1C(C(C(OC1O)CO)OC2C(C(C(C(O2)COP(=O)(O)O)O)O)NC(=O)C)O
Dihydrocurcumin	COC1=C(C=CC(=C1)CCC(=O)CC(=O)C=CC2=CC(=C(C=C2)O)OC)O
Dihydromonapterin	
Dihydromonapterin-triphosphate	C1C(=NC2=C(N1)N=C(NC2=O)N)C(C(COP(=O)([O-])OP(=O)([O-])OP(=O)([O-])[O-])O)O
Dihydroneopterin	C1C(=NC2=C(N1)N=C(NC2=O)N)C(C(CO)O)O
Dihydroneopterin monophosphate	
Dihydropteroate	C1C(=NC2=C(N1)N=C(NC2=O)N)CNC3=CC=C(C=C3)C(=O)O
Dihydrosirohydrochlorin	CC1(C(C2=CC3=NC(=CC4=C(C(=C(N4)CC5=C(C(=C(N5)C=C1N2)CC(=O)O)CCC(=O)O)CCC(=O)O)CC(=O)O)C(C3(C)CC(=O)O)CCC(=O)O)CCC(=O)O)CC(=O)O
Dihydroxyacetone	C(C(=O)CO)O
Dihydroxyacetone phosphate	C(C(=O)COP(=O)(O)O)O
Dimethyl sulfide	CSC
Dimethyl sulfoxide	CS(=O)C
Dimethylallyl diphosphate	CC(=CCOP(=O)(O)OP(=O)(O)O)C
Diphosphate	[O-]P(=O)([O-])OP(=O)([O-])[O-]
Dodecanoate (n-C12:0)	
Dodecanoly-phosphate (n-C12:0)	
Dodecanoyl-ACP (n-C12:0ACP)	
Dodecanoyl-CoA (n-C12:0CoA)	CCCCCCCCCCCC(=O)SCCNC(=O)CCNC(=O)C(C(C)(C)COP(=O)([O-])OP(=O)([O-])OCC1C(C(C(O1)N2C=NC3=C(N=CN=C32)N)O)OP(=O)([O-])[O-])O
Dopamine	C1=CC(=C(C=C1CCN)O)O
Doxorubicin	CC1C(C(CC(O1)OC2CC(CC3=C2C(=C4C(=C3O)C(=O)C5=C(C4=O)C(=CC=C5)OC)O)(C(=O)CO)O)N)O
E-3-carboxy-2-pentenedioate 6-methyl ester	
Enoylglutaryl-[acyl-carrier protein] methyl ester	
Enoylpimeloyl-[acyl-carrier protein] methyl ester	
Enterochelin	C1C(C(=O)OCC(C(=O)OCC(C(=O)O1)NC(=O)C2=C(C(=CC=C2)O)O)NC(=O)C3=C(C(=CC=C3)O)O)NC(=O)C4=C(C(=CC=C4)O)O
Ethanesulfonate	CCS(=O)(=O)[O-]
Ethanol	CCO
Ethanolamine	C(CO)N
FMN	CC1=CC2=C(C=C1C)N(C3=NC(=O)NC(=O)C3=N2)CC(C(C(COP(=O)(O)O)O)O)O
FMN C17H19N4O9P	
Farnesyl diphosphate	CC(=CCCC(=CCCC(=CCOP(=O)(O)OP(=O)(O)O)C)C)C
Fe(III)dicitrate	C(C(=O)[O-])C(CC(=O)[O-])(C(=O)[O-])O.C(C(=O)[O-])C(CC(=O)[O-])(C(=O)[O-])O.[Fe+3]
Fe(III)hydoxamate, unloaded	
Fe(III)hydroxamate	
Fe-enterobactin	C1C(C(=O)OCC(C(=O)OCC(C(=O)O1)NC(=O)C2=C(C(=CC=C2)[O-])[O-])NC(=O)C3=C(C(=CC=C3)[O-])[O-])NC(=O)C4=C(C(=CC=C4)[O-])[O-].[Fe+3]
Fe2+ mitochondria	
Ferric 2,3-dihydroxybenzoylserine	
Ferrichrome	
Ferrichrome minus Fe(III)	
Ferroxamine minus Fe(3)	
Flavin adenine dinucleotide oxidized	
Flavin adenine dinucleotide reduced	CC1=CC2=C(C=C1C)N(C3=C(N2)C(=O)NC(=O)N3)CC(C(C(COP(=O)(O)OP(=O)(O)OCC4C(C(C(O4)N5C=NC6=C(N=CN=C65)N)O)O)O)O)O
Flavodoxin reduced	
Flavodoxin semi oxidized	
Fluoride	[F-]
Formaldehyde	C=O
Formate	C(=O)[O-]
Formyl-CoA	CC(C)(COP(=O)(O)OP(=O)(O)OCC1C(C(C(O1)N2C=NC3=C(N=CN=C32)N)O)OP(=O)(O)O)C(C(=O)NCCC(=O)NCCSC=O)O
Formyl-CoA(4-)	CC(C)(COP(=O)([O-])OP(=O)([O-])OCC1C(C(C(O1)N2C=NC3=C(N=CN=C32)N)O)OP(=O)([O-])[O-])C(C(=O)NCCC(=O)NCCSC=O)O
Fructoselysine	C(CCNCC(=O)C(C(C(CO)O)O)O)CC(C(=O)O)N
Fructoselysine Phosphate	
Fumarate	C(=CC(=O)[O-])C(=O)[O-]
Fused thiol:disulfide interchange protein (oxidized)	
Fused thiol:disulfide interchange protein (reduced)	
Fusidic acid	CC1C2CCC3(C(C2(CCC1O)C)C(CC4C3(CC(C4=C(CCC=C(C)C)C(=O)O)OC(=O)C)C)O)C
GDP	C1=NC2=C(N1C3C(C(C(O3)COP(=O)(O)OP(=O)(O)O)O)O)N=C(NC2=O)N
GDP C10H12N5O11P2	
GDP-4-dehydro-6-deoxy-D-mannose	CC1C(=O)C(C(C(O1)OP(=O)(O)OP(=O)(O)OCC2C(C(C(O2)N3C=NC4=C3N=C(NC4=O)N)O)O)O)O
GDP-4-oxo-L-fucose	CC1C(=O)C(C(C(O1)OP(=O)([O-])OP(=O)([O-])OCC2C(C(C(O2)N3C=NC4=C3N=C(NC4=O)N)O)O)O)O
GDP-D-mannose	C1=NC2=C(N1C3C(C(C(O3)COP(=O)(O)OP(=O)(O)OC4C(C(C(C(O4)CO)O)O)O)O)O)N=C(NC2=O)N
GDP-L-fucose	CC1C(C(C(C(O1)OP(=O)(O)OP(=O)(O)OCC2C(C(C(O2)N3C=NC4=C3N=C(NC4=O)N)O)O)O)O)O
GMP	C1=NC2=C(N1C3C(C(C(O3)COP(=O)(O)O)O)O)N=C(NC2=O)N
GMP C10H12N5O8P	
GMP-N-?-(N-?-acetyl lysine methyl ester) 5'-phosphoramidate	
GTP	C1=NC2=C(N1C3C(C(C(O3)COP(=O)(O)OP(=O)(O)OP(=O)(O)O)O)O)N=C(NC2=O)N
GTP C10H12N5O14P3	
Galactitol	C(C(C(C(C(CO)O)O)O)O)O
Galactitol 1-phosphate	C(C(C(C(C(COP(=O)(O)O)O)O)O)O)O
Galactofuranosyl-glucosyl-O-acetyl-rhamanosyl-N-acetylglucosamyl-undecaprenyl diphosphate	CC1C(C(C(C(O1)OC2C(C(OC(C2O)CO)OP(=O)([O-])OP(=O)([O-])OCC=C(C)CCC=C(C)CCC=C(C)CCC=C(C)CCC=C(C)CCC=C(C)CCC=C(C)CCC=C(C)CCC=C(C)CCC=C(C)CCC=C(C)C)NC(=O)C)OC(=O)C)OC3C(C(C(C(O3)COC4C(C(C(O4)C(CO)O)O)O)O)O)O)O
Galactosyl-glucosyl-inner core oligosaccharide lipid A	CCCCCCCCCCCCCC(=O)OC(CCCCCCCCCCC)CC(=O)OC1C(C(OC(C1OP(=O)([O-])[O-])COC2(CC(C(C(O2)C(CO)O)OC3C(C(C(C(O3)C(CO)O)OP(=O)([O-])[O-])OC4C(C(C(C(O4)C(COC5C(C(C(C(O5)C(CO)O)O)O)O)O)OP(=O)([O-])[O-])OC6C(C(C(C(O6)COC7C(C(C(C(O7)CO)O)O)O)O)O)O)O)O)OC8(CC(C(C(O8)C(CO)O)O)OC9(CC(C(C(O9)C(CO)O)OC1C(C(C(C(O1)C)O)O)O)O)C(=O)[O-])C(=O)[O-])C(=O)[O-])OCC1C(C(C(C(O1)OP(=O)([O-])[O-])NC(=O)CC(CCCCCCCCCCC)O)OC(=O)CC(CCCCCCCCCCC)O)O)NC(=O)CC(CCCCCCCCCCC)OC(=O)CCCCCCCCCCC
Gamma-L-Glutamyl-L-cysteine	C(CC(=O)NC(CS)C(=O)O)C(C(=O)O)N
Gamma-butyrobetaine	C[N+](C)(C)CCCC(=O)[O-]
Gamma-butyrobetainyl-CoA	CC(C)(COP(=O)(O)OP(=O)(O)OCC1C(C(C(O1)N2C=NC3=C(N=CN=C32)N)O)OP(=O)(O)O)C(C(=O)NCCC(=O)NCCSC(=O)CCC[N+](C)(C)C)O
Gamma-glutamyl-gamma aminobutyric acid	C(CC(=O)O)CNC(=O)CCC(C(=O)O)N
Gamma-glutamyl-gamma-butyraldehyde	C(CC=O)CNC(=O)CCC(C(=O)O)N
Gamma-glutamyl-putrescine	C(CCNC(=O)CCC(C(=O)O)N)CN
Gamma-hydroxybutyrate	C(CC(=O)O)CO
Generic ferrioxamine-Fe-III	
Geranyl diphosphate	CC(=CCCC(=CCOP(=O)(O)OP(=O)(O)O)C)C
Glucosyl-O-acetyl-rhamanosyl-N-acetylglucosamyl-undecaprenyl diphosphate	CC1C(C(C(C(O1)OC2C(C(OC(C2O)CO)OP(=O)([O-])OP(=O)([O-])OCC=C(C)CCC=C(C)CCC=C(C)CCC=C(C)CCC=C(C)CCC=C(C)CCC=C(C)CCC=C(C)CCC=C(C)CCC=C(C)CCC=C(C)C)NC(=O)C)OC(=O)C)OC3C(C(C(C(O3)CO)O)O)O)O
Glucosyl-galactosyl-glucosyl-inner core oligosaccharide lipid A	CCCCCCCCCCCCCC(=O)OC(CCCCCCCCCCC)CC(=O)OC1C(C(OC(C1OP(=O)([O-])[O-])COC2(CC(C(C(O2)C(CO)O)OC3C(C(C(C(O3)C(CO)O)OP(=O)([O-])[O-])OC4C(C(C(C(O4)C(COC5C(C(C(C(O5)C(CO)O)O)O)O)O)OP(=O)([O-])[O-])OC6C(C(C(C(O6)COC7C(C(C(C(O7)CO)O)O)O)O)OC8C(C(C(C(O8)CO)O)O)O)O)O)O)OC9(CC(C(C(O9)C(CO)O)O)OC1(CC(C(C(O1)C(CO)O)OC1C(C(C(C(O1)C)O)O)O)O)C(=O)[O-])C(=O)[O-])C(=O)[O-])OCC1C(C(C(C(O1)OP(=O)([O-])[O-])NC(=O)CC(CCCCCCCCCCC)O)OC(=O)CC(CCCCCCCCCCC)O)O)NC(=O)CC(CCCCCCCCCCC)OC(=O)CCCCCCCCCCC
Glucosyl-glucosyl-galactosyl-glucosyl-inner core oligosaccharide lipid A	CCCCCCCCCCCCCC(=O)OC(CCCCCCCCCCC)CC(=O)OC1C(C(OC(C1OP(=O)([O-])[O-])COC2(CC(C(C(O2)C(CO)O)OC3C(C(C(C(O3)C(CO)O)OP(=O)([O-])[O-])OC4C(C(C(C(O4)C(COC5C(C(C(C(O5)C(CO)O)O)O)O)O)OP(=O)([O-])[O-])OC6C(C(C(C(O6)COC7C(C(C(C(O7)CO)O)O)O)O)OC8C(C(C(C(O8)CO)O)O)OC9C(C(C(C(O9)CO)O)O)O)O)O)O)OC1(CC(C(C(O1)C(CO)O)O)OC1(CC(C(C(O1)C(CO)O)OC1C(C(C(C(O1)C)O)O)O)O)C(=O)[O-])C(=O)[O-])C(=O)[O-])OCC1C(C(C(C(O1)OP(=O)([O-])[O-])NC(=O)CC(CCCCCCCCCCC)O)OC(=O)CC(CCCCCCCCCCC)O)O)NC(=O)CC(CCCCCCCCCCC)OC(=O)CCCCCCCCCCC
Glucosyl-inner core oligosaccharide lipid A	
Glutaredoxin (oxidized)	
Glutaredoxin (reduced)	
Glutaryl-[acyl-carrier protein] methyl ester	
Glutathiolselenolate	
Glutathionylspermidine	C(CCNCCCNC(=O)CNC(=O)C(CS)NC(=O)CCC(C(=O)O)N)CN
Glyceraldehyde 3-phosphate	C(C(C=O)O)OP(=O)(O)O
Glycerol	C(C(CO)O)O
Glycerol 2-phosphate	C(C(CO)OP(=O)(O)O)O
Glycerol 3-phosphate	C(C(COP(=O)(O)O)O)O
Glycerophosphoglycerol	C(C(COP(=O)(O)OCC(CO)O)O)O
Glycerophosphoserine	C(C(COP(=O)(O)OCC(C(=O)O)N)O)O
Glycine	C(C(=O)O)N
Glycine betaine	C[N+](C)(C)CC(=O)[O-]
Glycogen C6H10O5	
Glycolaldehyde	C(C=O)O
Glycolate	C(C(=O)O)O
Glycolate C2H3O3	
Glyoxylate	C(=O)C(=O)[O-]
Guanine	C1=NC2=C(N1)C(=O)NC(=N2)N
Guanosine	C1=NC2=C(N1C3C(C(C(O3)CO)O)O)N=C(NC2=O)N
Guanosine 3  phosphate C10H12N5O8P	
Guanosine 3',5'-bis(diphosphate)	C1=NC2=C(N1C3C(C(C(O3)COP(=O)(O)OP(=O)(O)O)OP(=O)(O)OP(=O)(O)O)O)N=C(NC2=O)N
Guanosine 3'-diphosphate 5'-triphosphate	C1=NC2=C(N1C3C(C(C(O3)COP(=O)(O)OP(=O)(O)OP(=O)(O)O)OP(=O)(O)OP(=O)(O)O)O)N=C(NC2=O)N
H+	[H+]
H2O	O
H2O H2O	
Heme O C49H56FeN4O5	
Hepta-acylated KDO(2)-lipid (A)	
Hepta-acylated core oligosaccharide lipid A (E. coli)	
Heptosyl-heptosyl-kdo2-lipidA	CCCCCCCCCCCCCC(=O)OC(CCCCCCCCCCC)CC(=O)OC1C(C(OC(C1OP(=O)([O-])[O-])COC2(CC(C(C(O2)C(CO)O)OC3C(C(C(C(O3)C(CO)O)O)OC4C(C(C(C(O4)C(CO)O)O)O)O)O)OC5(CC(C(C(O5)C(CO)O)O)O)C(=O)[O-])C(=O)[O-])OCC6C(C(C(C(O6)OP(=O)([O-])[O-])NC(=O)CC(CCCCCCCCCCC)O)OC(=O)CC(CCCCCCCCCCC)O)O)NC(=O)CC(CCCCCCCCCCC)OC(=O)CCCCCCCCCCC
Heptosyl-kdo2-lipidA	
Heptosyl-phospho-heptosyl-heptosyl-kdo2-lipidA	CCCCCCCCCCCCCC(=O)OC(CCCCCCCCCCC)CC(=O)OC1C(C(OC(C1OP(=O)([O-])[O-])COC2(CC(C(C(O2)C(CO)O)OC3C(C(C(C(O3)C(CO)O)O)OC4C(C(C(C(O4)C(COC5C(C(C(C(O5)C(CO)O)O)O)O)O)OP(=O)([O-])[O-])O)O)O)OC6(CC(C(C(O6)C(CO)O)O)O)C(=O)[O-])C(=O)[O-])OCC7C(C(C(C(O7)OP(=O)([O-])[O-])NC(=O)CC(CCCCCCCCCCC)O)OC(=O)CC(CCCCCCCCCCC)O)O)NC(=O)CC(CCCCCCCCCCC)OC(=O)CCCCCCCCCCC
Hexadecanoate (n-C16:0)	CCCCCCCCCCCCCCCC(=O)O
Hexadecanoyl-phosphate (n-C16:0)	
Hexadecanoyl-phosphate (n-C16:1)	
Hexadecenoate (n-C16:1)	CCCCCCC=CCCCCCCCC(=O)O
Hexadecenoyl-CoA (n-C16:1CoA)	
Hexanoate (n-C6:0)	CCCCCC(=O)[O-]
Hexanoyl-ACP (n-C6:0ACP)	
Hexanoyl-CoA (n-C6:0CoA)	
Hydrogen	[HH]
Hydrogen cyanide	C#N
Hydrogen peroxide	OO
Hydrogen sulfide	S
Hydroquinone	C1=CC(=CC=C1O)O
Hydroxymethylbilane	C1=C(C(=C(N1)CC2=C(C(=C(N2)CC3=C(C(=C(N3)CC4=C(C(=C(N4)CO)CC(=O)O)CCC(=O)O)CC(=O)O)CCC(=O)O)CC(=O)O)CCC(=O)O)CC(=O)O)CCC(=O)O
Hydroxymethylglutathione	C(CC(=O)NC(CS)C(=O)NCC(=O)O)C(C(=O)O)NCO
Hydroxypyruvate	C(C(=O)C(=O)O)O
Hypoxanthine	C1=NC2=C(N1)C(=O)NC=N2
IDP	C1=NC2=C(C(=O)N1)N=CN2C3C(C(C(O3)COP(=O)(O)OP(=O)(O)O)O)O
IDP C10H11N4O11P2	
IMP	C1=NC2=C(C(=O)N1)N=CN2C3C(C(C(O3)COP(=O)(O)O)O)O
IMP C10H11N4O8P	
ITP	C1=NC2=C(C(=O)N1)N=CN2C3C(C(C(O3)COP(=O)(O)OP(=O)(O)OP(=O)(O)O)O)O
ITP C10H11N4O14P3	
Iminoaspartate	C(C(=N)C(=O)O)C(=O)O
Indole	C1=CC=C2C(=C1)C=CN2
Inner core oligosaccharide lipid A (E coli)	
Inorganic triphosphate	OP(=O)(O)OP(=O)(O)OP(=O)(O)O
Inosine	C1=NC2=C(C(=O)N1)N=CN2C3C(C(C(O3)CO)O)O
Iron (Fe3+)	[Fe+3]
IscS sulfur acceptor protein	
IscS with bound sulfur	
IscU scaffold protein	
IscU with bound [2Fe-2S] cluster	
IscU with bound [4Fe-4S] cluster	
IscU with two bound [2Fe-2S] clusters	
Isethionic acid	C(CS(=O)(=O)O)O
Isochorismate	C=C(C(=O)O)OC1C=CC=C(C1O)C(=O)O
Isocitrate	C(C(C(C(=O)O)O)C(=O)O)C(=O)O
Isopentenyl diphosphate	CC(=C)CCOP(=O)(O)OP(=O)(O)O
Isoprimeverose	C1C(C(C(C(O1)OCC(C(C(C(C=O)O)O)O)O)O)O)O
KDO(2)-lipid (A)	
KDO(2)-lipid IV(A)	CCCCCCCCCCCC(CC(=O)NC1C(C(C(OC1OP(=O)(O)O)COC2C(C(C(C(O2)COC3(CC(C(C(O3)C(CO)O)O)OC4(CC(C(C(O4)C(CO)O)O)O)C(=O)O)C(=O)O)OP(=O)(O)O)OC(=O)CC(CCCCCCCCCCC)O)NC(=O)CC(CCCCCCCCCCC)O)O)OC(=O)CC(CCCCCCCCCCC)O)O
KDO(2)-lipid IV(A) with laurate	
KDO(2)-lipid IV(A) with palmitoleoyl	
KDO-lipid IV(A)	CCCCCCCCCCCC(CC(=O)NC1C(C(C(OC1OP(=O)(O)O)COC2C(C(C(C(O2)COC3(CC(C(C(O3)C(CO)O)O)O)C(=O)O)OP(=O)(O)O)OC(=O)CC(CCCCCCCCCCC)O)NC(=O)CC(CCCCCCCCCCC)O)O)OC(=O)CC(CCCCCCCCCCC)O)O
Kdo-phospho-heptosyl-phospho-heptosyl-heptosyl-kdo2-lipidA	CCCCCCCCCCCCCC(=O)OC(CCCCCCCCCCC)CC(=O)OC1C(C(OC(C1OP(=O)([O-])[O-])COC2(CC(C(C(O2)C(CO)O)OC3C(C(C(C(O3)C(CO)O)OP(=O)([O-])[O-])OC4C(C(C(C(O4)C(COC5C(C(C(C(O5)C(CO)O)O)O)O)O)OP(=O)([O-])[O-])O)O)O)OC6(CC(C(C(O6)C(CO)O)O)OC7(CC(C(C(O7)C(CO)O)O)O)C(=O)[O-])C(=O)[O-])C(=O)[O-])OCC8C(C(C(C(O8)OP(=O)([O-])[O-])NC(=O)CC(CCCCCCCCCCC)O)OC(=O)CC(CCCCCCCCCCC)O)O)NC(=O)CC(CCCCCCCCCCC)OC(=O)CCCCCCCCCCC
L Cystine C6H12N2O4S2	
L-2-Amino-3-oxobutanoate	CC(=O)C(C(=O)O)N
L-Alanine	CC(C(=O)O)N
L-Allo-threonine	CC(C(C(=O)O)N)O
L-Arabinose	C1C(C(C(C(O1)O)O)O)O
L-Arginine	C(CC(C(=O)O)N)CN=C(N)N
L-Ascorbate	C(C(C1C(=C(C(=O)O1)O)O)O)O
L-Asparagine	C(C(C(=O)O)N)C(=O)N
L-Aspartate	C(C(C(=O)O)N)C(=O)O
L-Aspartate 4-semialdehyde	C(C=O)C(C(=O)[O-])[NH3+]
L-Carnitine	C[N+](C)(C)CC(CC(=O)[O-])O
L-Carnitinyl-CoA	CC(C)(COP(=O)([O-])OP(=O)([O-])OCC1C(C(C(O1)N2C=NC3=C(N=CN=C32)N)O)OP(=O)([O-])[O-])C(C(=O)NCCC(=O)NCCSC(=O)CC(C[N+](C)(C)C)O)O
L-Citrulline	C(CC(C(=O)O)N)CNC(=O)N
L-Cystathionine	C(CSCC(C(=O)O)N)C(C(=O)O)N
L-Cysteine	C(C(C(=O)O)N)S
L-Fucose	CC1C(C(C(C(O1)O)O)O)O
L-Fuculose 1-phosphate	CC(C(C(C(=O)COP(=O)(O)O)O)O)O
L-Galactonate	C(C(C(C(C(C(=O)[O-])O)O)O)O)O
L-Glutamate	C(CC(=O)O)C(C(=O)O)N
L-Glutamate 1-semialdehyde	C(CC(=O)O)C(C=O)N
L-Glutamate 5-phosphate	C(CC(=O)OP(=O)(O)O)C(C(=O)O)N
L-Glutamate 5-semialdehyde	C(CC(C(=O)O)N)C=O
L-Glutamine	C(CC(=O)N)C(C(=O)O)N
L-Glutamyl-tRNA(Glu)	
L-Histidine	C1=C(NC=N1)CC(C(=O)O)N
L-Histidinol	C1=C(NC=N1)CC(CO)N
L-Histidinol phosphate	C1=C(NC=N1)CC(COP(=O)(O)O)N
L-Homocysteine	C(CS)C(C(=O)O)N
L-Homoserine	C(CO)C(C(=O)O)N
L-Idonate	C(C(C(C(C(C(=O)[O-])O)O)O)O)O
L-Isoleucine	CCC(C)C(C(=O)O)N
L-Lactaldehyde	CC(C=O)O
L-Lactate	CC(C(=O)[O-])O
L-Leucine	CC(C)CC(C(=O)O)N
L-Lysine	C(CCN)CC(C(=O)O)N
L-Lyxose	C(C(C(C(C=O)O)O)O)O
L-Malate	C(C(C(=O)O)O)C(=O)O
L-Methionine	CSCCC(C(=O)O)N
L-Methionine Sulfoxide	CS(=O)CCC(C(=O)O)N
L-Phenylalanine	C1=CC=C(C=C1)CC(C(=O)O)N
L-Proline	C1CC(NC1)C(=O)O
L-Prolinylglycine	C1CC(NC1)CONCC(=O)O
L-Rhamnose	CC1C(C(C(C(O1)O)O)O)O
L-Rhamnulose	CC(C(C(C(=O)CO)O)O)O
L-Rhamnulose 1-phosphate	CC(C(C(C(=O)COP(=O)(O)O)O)O)O
L-Ribulose	C(C(C(C(=O)CO)O)O)O
L-Ribulose 5-phosphate	C(C(C(C(=O)CO)O)O)OP(=O)(O)O
L-Serine	C(C(C(=O)O)N)O
L-Threonine	CC(C(C(=O)O)N)O
L-Threonine O-3-phosphate	CC(C(C(=O)O)N)OP(=O)(O)O
L-Tryptophan	C1=CC=C2C(=C1)C(=CN2)CC(C(=O)O)N
L-Tyrosine	C1=CC(=CC=C1CC(C(=O)O)N)O
L-Valine	CC(C)C(C(=O)O)N
L-Xylulose	C(C(C(C(=O)CO)O)O)O
L-Xylulose 5-phosphate	C(C(C(C(=O)CO)O)O)OP(=O)(O)O
L-alanine-D-glutamate	
L-alanine-D-glutamate-meso-2,6-diaminoheptanedioate	
L-alanine-D-glutamate-meso-2,6-diaminoheptanedioate-D-alanine	
L-alanine-L-glutamate	CC(C(=O)NC(CCC(=O)[O-])C(=O)[O-])[NH3+]
L-ascorbate-6-phosphate	C(C(C1C(=C(C(=O)O1)[O-])O)O)OP(=O)([O-])[O-]
L-fuculose	CC(C(C(C(=O)CO)O)O)O
L-methionine-R-sulfoxide	CS(=O)CCC(C(=O)[O-])[NH3+]
L-rhamnonate	CC(C(C(C(C(=O)[O-])O)O)O)O
L-seryl-AMP	C1=NC(=C2C(=N1)N(C=N2)C3C(C(C(O3)COP(=O)(O)OC(=O)C(CO)N)O)O)N
L-tartrate	C(C(C(=O)[O-])O)(C(=O)[O-])O
LL-2,6-Diaminoheptanedioate	C(CC(C(=O)O)N)CC(C(=O)O)N
Lactose C12H22O11	
Largn_c	
Lipid A Disaccharide	CCCCCCCCCCCC(CC(=O)NC1C(C(C(OC1OCC2C(C(C(C(O2)OP(=O)(O)O)NC(=O)CC(CCCCCCCCCCC)O)OC(=O)CC(CCCCCCCCCCC)O)O)CO)O)OC(=O)CC(CCCCCCCCCCC)O)O
Lipoate	C1CSSC1CCCCC(=O)[O-]
Lipoate (protein bound)	
Lipoprotein	
Lipoyl-AMP	C1CSSC1CCCCC(=O)OP(=O)(O)OCC2C(C(C(O2)N3C=NC4=C(N=CN=C43)N)O)O
Magnesium	[Mg]
Malonate semialdehyde	C(C=O)C(=O)O
Malonyl CoA C24H33N7O19P3S	
Malonyl-CoA	CC(C)(COP(=O)(O)OP(=O)(O)OCC1C(C(C(O1)N2C=NC3=C(N=CN=C32)N)O)OP(=O)(O)O)C(C(=O)NCCC(=O)NCCSC(=O)CC(=O)O)O
Malonyl-CoA methyl ester	CC(C)(COP(=O)(O)OP(=O)(O)OCC1C(C(C(O1)N2C=NC3=C(N=CN=C32)N)O)OP(=O)(O)O)C(C(=O)NCCC(=O)NCCSC(=O)CC(=O)OC)O
Malonyl-[acyl-carrier protein]	
Maltoheptaose	C(C1C(C(C(C(O1)OC2C(OC(C(C2O)O)OC3C(OC(C(C3O)O)OC4C(OC(C(C4O)O)OC5C(OC(C(C5O)O)OC6C(OC(C(C6O)O)OC7C(OC(C(C7O)O)O)CO)CO)CO)CO)CO)CO)O)O)O)O
Maltohexaose	C(C1C(C(C(C(O1)OC2C(OC(C(C2O)O)OC3C(OC(C(C3O)O)OC4C(OC(C(C4O)O)OC5C(OC(C(C5O)O)OC6C(OC(C(C6O)O)O)CO)CO)CO)CO)CO)O)O)O)O
Maltopentaose	
Maltose	C(C1C(C(C(C(O1)OC2C(OC(C(C2O)O)O)CO)O)O)O)O
Maltose 6'-phosphate	C(C1C(C(C(C(O1)O)O)O)OC2C(C(C(C(O2)COP(=O)(O)O)O)O)O)O
Maltose C12H22O11	
Maltotetraose	C(C1C(C(C(C(O1)OC2C(OC(C(C2O)O)OC3C(OC(C(C3O)O)OC4C(OC(C(C4O)O)O)CO)CO)CO)O)O)O)O
Maltotriose	C(C1C(C(C(C(O1)OC2C(OC(C(C2O)O)OC3C(OC(C(C3O)O)O)CO)CO)O)O)O)O
Maltotriose C18H32O16	
Manganese	[Mn]
Melibiose	C(C1C(C(C(C(O1)OCC2C(C(C(C(O2)O)O)O)O)O)O)O)O
Melibiose C12H22O11	
Menaquinol 8	CC1=C(C2=CC=CC=C2C(=C1CC=C(C)CCC=C(C)CCC=C(C)CCC=C(C)CCC=C(C)CCC=C(C)CCC=C(C)CCC=C(C)C)O)O
Menaquinone 8	CC1=C(C(=O)C2=CC=CC=C2C1=O)CC=C(C)CCC=C(C)CCC=C(C)CCC=C(C)CCC=C(C)CCC=C(C)CCC=C(C)CCC=C(C)C
Mercaptoethanol	C(CS)O
Mercaptopyruvate	C(C(=O)C(=O)O)S
Mercury  charged 2  Hg	
Meso-2,6-Diaminoheptanedioate	C(CC(C(=O)O)N)CC(C(=O)O)N
Methane	C
Methanesulfonate	CS(=O)(=O)[O-]
Methanetelluronate	C[Te](=O)(=O)[O-]
Methanol	CO
Methylglyoxal	CC(=O)C=O
Methylisocitrate	CC(C(CC(=O)O)C(=O)O)(C(=O)O)O
Methylphosphonic acid	CP(=O)(O)O
Minocycline	CN(C)C1C2CC3CC4=C(C=CC(=C4C(=C3C(=O)C2(C(=C(C1=O)C(=O)N)O)O)O)O)N(C)C
MoaD Protein with bound AMP	
MoaD Protein with carboxylate	
MoaD Protein with thiocarboxylate	
Molybdate	[O-][Mo](=O)(=O)[O-]
Molybdenum cofactor	C(C1C(=C(C2C(O1)NC3=C(N2)C(=O)NC(=N3)N)[S-])[S-])OP(=O)(O)O.O=[Mo+2]=O
Molybdopterin	C(C1C(=C(C2C(O1)NC3=C(N2)C(=O)NC(=N3)N)S)S)OP(=O)(O)O
Molybdopterin cytosine dinucleotide	C1=CN(C(=O)N=C1N)C2C(C(C(O2)COP(=O)(O)OP(=O)(O)OCC3C(=C(C4C(O3)NC5=C(N4)C(=O)NC(=N5)N)S)S)O)O
Molybdopterin guanine dinucleotide	C1=C(N=C2C(=O)NC(=NC2=N1)N)C(=C(C(COP(=O)(O)OP(=O)(O)OCC3C(C(C(O3)N4C=NC5=C4N=C(NC5=O)N)O)O)O)S)S
Myo-Inositol	C1(C(C(C(C(C1O)O)O)O)O)O
Myo-Inositol hexakisphosphate	C1(C(C(C(C(C1OP(=O)(O)O)OP(=O)(O)O)OP(=O)(O)O)OP(=O)(O)O)OP(=O)(O)O)OP(=O)(O)O
Myristoyl-ACP (n-C14:0ACP)	
N(omega)-(L-Arginino)succinate	C(CC(C(=O)O)N)CN=C(N)NC(CC(=O)O)C(=O)O
N,N'-diacetylchitobiose	CC(=O)NC1C(C(C(OC1O)CO)OC2C(C(C(C(O2)CO)O)O)NC(=O)C)O
N-((R)-4-Phosphopantothenoyl)-L-cysteine	CC(C)(COP(=O)(O)O)C(C(=O)NCCC(=O)NC(CS)C(=O)O)O
N-(5-Phospho-D-ribosyl)anthranilate	C1=CC=C(C(=C1)C(=O)O)NC2C(C(C(O2)COP(=O)(O)O)O)O
N-3-aminopropyl-1,5-diaminopentane	C(CC[NH3+])CC[NH2+]CCC[NH3+]
N-?-acetyl lysine methyl ester	
N-Acetyl-D-galactosamine	CC(=O)NC1C(C(C(OC1O)CO)O)O
N-Acetyl-D-galactosamine 1-phosphate	CC(=O)NC1C(C(C(OC1OP(=O)(O)O)CO)O)O
N-Acetyl-D-glucosamine	CC(=O)NC1C(C(C(OC1O)CO)O)O
N-Acetyl-D-glucosamine 1-phosphate	CC(=O)NC1C(C(C(OC1OP(=O)(O)O)CO)O)O
N-Acetyl-D-glucosamine 6-phosphate	CC(=O)NC1C(C(C(OC1O)COP(=O)(O)O)O)O
N-Acetyl-D-glucosamine(anhydrous)N-Acetylmuramic acid	
N-Acetyl-D-glucosamine(anhydrous)N-Acetylmuramyl-tetrapeptide	
N-Acetyl-D-glucosamine(anhydrous)N-Acetylmuramyl-tripeptide	CC(C(=O)NC(CCC(=O)O)C(=O)NC(CCCC(C(=O)O)N)C(=O)O)NC(=O)C(C)OC1C(C(OC=C1NC(=O)C)CO)OC2C(C(C(C(O2)CO)O)O)NC(=O)C
N-Acetyl-D-mannosamine	CC(=O)NC1C(C(C(OC1O)CO)O)O
N-Acetyl-D-mannosamine 6-phosphate	CC(=O)NC1C(C(C(OC1O)COP(=O)(O)O)O)O
N-Acetyl-L-glutamate	CC(=O)NC(CCC(=O)O)C(=O)O
N-Acetyl-L-glutamate 5-semialdehyde	CC(=O)NC(CCC=O)C(=O)O
N-Acetyl-L-glutamyl 5-phosphate	CC(=O)NC(CCC(=O)OP(=O)(O)O)C(=O)O
N-Acetylanthranilate	CC(=O)NC1=CC=CC=C1C(=O)[O-]
N-Acetylmethionine	CC(=O)NC(CCSC)C(=O)O
N-Acetylmuramate	CC(C(=O)O)OC1C(C(OC(C1O)CO)O)NC(=O)C
N-Acetylneuraminate	CC(=O)NC1C(CC(OC1C(C(CO)O)O)(C(=O)O)O)O
N-Carbamoyl-L-aspartate	C(C(C(=O)O)NC(=O)N)C(=O)O
N-Methyltryptophan	CNC(CC1=CNC2=CC=CC=C21)C(=O)O
N-Succinyl-2-L-amino-6-oxoheptanedioate	C(CC(C(=O)O)NC(=O)CCC(=O)O)CC(=O)C(=O)O
N-Succinyl-LL-2,6-diaminoheptanedioate	C(CC(C(=O)O)N)CC(C(=O)O)NC(=O)CCC(=O)O
N-acetylmuramate 6-phosphate	CC(C(=O)[O-])OC1C(C(OC(C1O)COP(=O)([O-])[O-])O)NC(=O)C
N-monoacetylchitobiose 6'-phosphate	CC(=O)NC1C(C(C(OC1OC2C(OC(C(C2O)[NH3+])O)CO)COP(=O)([O-])[O-])O)O
N1-(5-Phospho-D-ribosyl)glycinamide	C(C1C(C(C(O1)NC(=O)CN)O)O)OP(=O)(O)O
N1-(5-Phospho-alpha-D-ribosyl)-5,6-dimethylbenzimidazole	CC1=CC2=C(C=C1C)N(C=N2)C3C(C(C(O3)COP(=O)(O)O)O)O
N1-(alpha-D-ribosyl)-5,6-dimethylbenzimidazole	CC1=CC2=C(C=C1C)N(C=N2)C3C(C(C(O3)CO)O)O
N1-Acetylspermidine	CC(=O)NCCCNCCCCN
N2-Acetyl-L-ornithine	CC(=O)NC(CCCN)C(=O)O
N2-Formyl-N1-(5-phospho-D-ribosyl)glycinamide	C(C1C(C(C(O1)NC(=O)CNC=O)O)O)OP(=O)(O)O
N2-Succinyl-L-arginine	C(CC(C(=O)O)NC(=O)CCC(=O)O)CN=C(N)N
N2-Succinyl-L-glutamate	C(CC(=O)O)C(C(=O)O)NC(=O)CCC(=O)O
N2-Succinyl-L-glutamate 5-semialdehyde	C(CC(C(=O)O)NC(=O)CCC(=O)O)C=O
N2-Succinyl-L-ornithine	C(CC(C(=O)O)NC(=O)CCC(=O)O)CN
N6-(1,2-Dicarboxyethyl)-AMP	C1=NC(=C2C(=N1)N(C=N2)C3C(C(C(O3)COP(=O)(O)O)O)O)NC(CC(=O)O)C(=O)O
N8-Acetylspermidine	CC(=O)NCCCCNCCCN
NMN C11H14N2O8P	
Nickel	[Ni]
Nicotinamide	C1=CC(=CN=C1)C(=O)N
Nicotinamide adenine dinucleotide	C1=CC(=C[N+](=C1)C2C(C(C(O2)COP(=O)([O-])OP(=O)(O)OCC3C(C(C(O3)N4C=NC5=C(N=CN=C54)N)O)O)O)O)C(=O)N
Nicotinamide adenine dinucleotide - reduced	
Nicotinamide adenine dinucleotide phosphate	C1=CC(=C[N+](=C1)C2C(C(C(O2)COP(=O)([O-])OP(=O)(O)OCC3C(C(C(O3)N4C=NC5=C(N=CN=C54)N)OP(=O)(O)O)O)O)O)C(=O)N
Nicotinamide adenine dinucleotide phosphate - reduced	C1C=CN(C=C1C(=O)N)C2C(C(C(O2)COP(=O)(O)OP(=O)(O)OCC3C(C(C(O3)N4C=NC5=C(N=CN=C54)N)OP(=O)(O)O)O)O)O
Nicotinate	C1=CC(=CN=C1)C(=O)[O-]
Nicotinate D-ribonucleotide	C1=CC(=C[N+](=C1)C2C(C(C(O2)COP(=O)(O)O)O)O)C(=O)O
Nitrate	[N+](=O)([O-])[O-]
Nitric oxide	[N]=O
Nitrite	N(=O)[O-]
Nitrous oxide	[N-]=[N+]=O
Novobiocin	CC1=C(C=CC2=C1OC(=O)C(=C2O)NC(=O)C3=CC(=C(C=C3)O)CC=C(C)C)OC4C(C(C(C(O4)(C)C)OC)OC(=O)N)O
O-Acetyl-L-serine	CC(=O)OCC(C(=O)O)N
O-Phospho-4-hydroxy-L-threonine	C(C(C(C(=O)O)N)O)OP(=O)(O)O
O-Phospho-L-homoserine	C(COP(=O)(O)O)C(C(=O)O)N
O-Phospho-L-serine	C(C(C(=O)O)N)OP(=O)(O)O
O-Succinyl-L-homoserine	C(COC(=O)CCC(=O)O)C(C(=O)O)N
O-Succinylbenzoate	C1=CC=C(C(=C1)C(=O)CCC(=O)O)C(=O)O
O-Succinylbenzoyl-CoA	CC(C)(COP(=O)(O)OP(=O)(O)OCC1C(C(C(O1)N2C=NC3=C(N=CN=C32)N)O)OP(=O)(O)O)C(C(=O)NCCC(=O)NCCSC(=O)CCC(=O)C4=CC=CC=C4C(=O)O)O
O-acetyl-rhamanosyl-N-acetylglucosamyl-undecaprenyl diphosphate	CC1C(C(C(C(O1)OC2C(C(OC(C2O)CO)OP(=O)([O-])OP(=O)([O-])OCC=C(C)CCC=C(C)CCC=C(C)CCC=C(C)CCC=C(C)CCC=C(C)CCC=C(C)CCC=C(C)CCC=C(C)CCC=C(C)CCC=C(C)C)NC(=O)C)OC(=O)C)O)O
O16 antigen undecaprenyl diphosphate	
O2	O=O
O2 O2	
Octadecanoate (n-C18:0)	CCCCCCCCCCCCCCCCCC(=O)[O-]
Octadecanoyl-ACP (n-C18:0ACP)	
Octadecanoyl-phosphate (n-C18:0)	
Octadecanoyl-phosphate (n-C18:1)	
Octadecenoate (n-C18:1)	CCCCCCCCC=CCCCCCCCC(=O)[O-]
Octadecenoyl-CoA (n-C18:1CoA)	CCCCCCCCC=CCCCCCCCC(=O)SCCNC(=O)CCNC(=O)C(C(C)(C)COP(=O)(O)OP(=O)(O)OCC1C(C(C(O1)N2C=NC3=C(N=CN=C32)N)O)OP(=O)(O)O)O
Octanoate (n-C8:0)	CCCCCCCC(=O)[O-]
Octanoate (protein bound)	
Octanoyl-ACP (n-C8:0ACP)	
Octanoyl-CoA (n-C8:0CoA)	CCCCCCCC(=O)SCCNC(=O)CCNC(=O)C(C(C)(C)COP(=O)([O-])OP(=O)([O-])OCC1C(C(C(O1)N2C=NC3=C(N=CN=C32)N)O)OP(=O)([O-])[O-])O
Ornithine	C(CC(C(=O)O)N)CN
Orotate	C1=C(NC(=O)NC1=O)C(=O)[O-]
Orotate C5H3N2O4	
Orotidine 5'-phosphate	C1=C(N(C(=O)NC1=O)C2C(C(C(O2)COP(=O)(O)O)O)O)C(=O)O
Oxalate	C(=O)(C(=O)[O-])[O-]
Oxaloacetate	C(C(=O)C(=O)O)C(=O)O
Oxalureate	C(=O)(C(=O)O)NC(=O)N
Oxalyl-CoA	CC(C)(COP(=O)(O)OP(=O)(O)OCC1C(C(C(O1)N2C=NC3=C(N=CN=C32)N)O)OP(=O)(O)O)C(C(=O)NCCC(=O)NCCSC(=O)C(=O)O)O
Oxamate	C(=O)(C(=O)O)N
Oxidized glutathione	
Oxidized thioredoxin	
P-Cresol	CC1=CC=C(C=C1)O
P1,P4-Bis(5'-adenosyl) tetraphosphate	C1=NC(=C2C(=N1)N(C=N2)C3C(C(C(O3)COP(=O)([O-])OP(=O)([O-])OP(=O)([O-])OP(=O)([O-])OCC4C(C(C(O4)N5C=NC6=C(N=CN=C65)N)O)O)O)O)N
P1,P4-Bis(5'-guanosyl) tetraphosphate	C1=NC2=C(N1C3C(C(C(O3)COP(=O)(O)OP(=O)(O)OP(=O)(O)OP(=O)(O)OCC4C(C(C(O4)N5C=NC6=C5N=C(NC6=O)N)O)O)O)O)N=C(NC2=O)N
P1,P5-Bis(5'-adenosyl) pentaphosphate	C1=NC(=C2C(=N1)N(C=N2)C3C(C(C(O3)COP(=O)(O)OP(=O)(O)OP(=O)(O)OP(=O)(O)OP(=O)(O)OCC4C(C(C(O4)N5C=NC6=C(N=CN=C65)N)O)O)O)O)N
Palmitoyl-ACP (n-C16:0ACP)	
Palmitoyl-CoA (n-C16:0CoA)	CCCCCCCCCCCCCCCC(=O)SCCNC(=O)CCNC(=O)C(C(C)(C)COP(=O)([O-])OP(=O)([O-])OCC1C(C(C(O1)N2C=NC3=C(N=CN=C32)N)O)OP(=O)([O-])[O-])O
Pantetheine 4'-phosphate	CC(C)(COP(=O)(O)O)C(C(=O)NCCC(=O)NCCS)O
Periplasmic disulfide isomerase/thiol-disulphide oxidase (oxidized)	
Periplasmic disulfide isomerase/thiol-disulphide oxidase (reduced)	
Periplasmic protein disulfide isomerase I (oxidized)	
Periplasmic protein disulfide isomerase I (reduced)	
Peroxyaminoacrylate	C(=CN)C(=O)OO
Phenethylamine	C1=CC=C(C=C1)CCN
Phenylacetaldehyde	C1=CC=C(C=C1)CC=O
Phenylacetic acid	C1=CC=C(C=C1)CC(=O)O
Phenylacetyl-CoA	CC(C)(COP(=O)(O)OP(=O)(O)OCC1C(C(C(O1)N2C=NC3=C(N=CN=C32)N)O)OP(=O)(O)O)C(C(=O)NCCC(=O)NCCSC(=O)CC4=CC=CC=C4)O
Phenylhydantoin	C1=CC=C(C=C1)C2C(=O)NC(=O)N2
Phenylpropanoate	C1=CC=C(C=C1)CCC(=O)O
Phenylpyruvate	C1=CC=C(C=C1)CC(=O)C(=O)O
Phenylureidoacetic acid	CC(=O)NC(=O)NC1=CC=CC=C1
Phosphate	[O-]P(=O)([O-])[O-]
Phosphatidylethanolamine (didodecanoyl, n-C12:0)	CCCCCCCCCCCC(=O)OCC(COP(=O)([O-])OCC[NH3+])OC(=O)CCCCCCCCCCC
Phosphatidylethanolamine (dihexadec-9enoyl, n-C16:1)	CCCCCCC=CCCCCCCCC(=O)OCC(COP(=O)([O-])OCC[NH3+])OC(=O)CCCCCCCC=CCCCCCC
Phosphatidylethanolamine (dihexadecanoyl, n-C16:0)	CCCCCCCCCCCCCCCC(=O)OCC(COP(=O)([O-])OCC[NH3+])OC(=O)CCCCCCCCCCCCCCC
Phosphatidylethanolamine (dioctadec-11-enoyl, n-C18:1)	CCCCCCC=CCCCCCCCCCC(=O)OCC(COP(=O)([O-])OCC[NH3+])OC(=O)CCCCCCCCCC=CCCCCCC
Phosphatidylethanolamine (dioctadecanoyl, n-C18:0)	CCCCCCCCCCCCCCCCCC(=O)OCC(COP(=O)([O-])OCC[NH3+])OC(=O)CCCCCCCCCCCCCCCCC
Phosphatidylethanolamine (ditetradec-7-enoyl, n-C14:1)	
Phosphatidylethanolamine (ditetradecanoyl, n-C14:0)	CCCCCCCCCCCCCC(=O)OCC(COP(=O)([O-])OCC[NH3+])OC(=O)CCCCCCCCCCCCC
Phosphatidylglycerol (didodecanoyl, n-C12:0)	
Phosphatidylglycerol (dihexadec-9-enoyl, n-C16:1)	CCCCCCC=CCCCCCCCC(=O)OCC(COP(=O)([O-])OCC(CO)O)OC(=O)CCCCCCCC=CCCCCCC
Phosphatidylglycerol (dihexadecanoyl, n-C16:0)	CCCCCCCCCCCCCCCC(=O)OCC(COP(=O)([O-])OCC(CO)O)OC(=O)CCCCCCCCCCCCCCC
Phosphatidylglycerol (dioctadec-11-enoyl, n-C18:1)	CCCCCCC=CCCCCCCCCCC(=O)OCC(COP(=O)([O-])OCC(CO)O)OC(=O)CCCCCCCCCC=CCCCCCC
Phosphatidylglycerol (dioctadecanoyl, n-C18:0)	CCCCCCCCCCCCCCCCCC(=O)OCC(COP(=O)([O-])OCC(CO)O)OC(=O)CCCCCCCCCCCCCCCCC
Phosphatidylglycerol (ditetradec-7-enoyl, n-C14:1)	
Phosphatidylglycerol (ditetradecanoyl, n-C14:0)	CCCCCCCCCCCCCC(=O)OCC(COP(=O)([O-])OCC(CO)O)OC(=O)CCCCCCCCCCCCC
Phosphatidylglycerophosphate (didodecanoyl, n-C12:0)	
Phosphatidylglycerophosphate (dihexadec-9-enoyl, n-C16:1)	
Phosphatidylglycerophosphate (dihexadecanoyl, n-C16:0)	CCCCCCCCCCCCCCCC(=O)OCC(COP(=O)([O-])OCC(COP(=O)([O-])[O-])O)OC(=O)CCCCCCCCCCCCCCC
Phosphatidylglycerophosphate (dioctadec-11-enoyl, n-C18:1)	
Phosphatidylglycerophosphate (dioctadecanoyl, n-C18:0)	CCCCCCCCCCCCCCCCCC(=O)OCC(COP(=O)([O-])OCC(COP(=O)([O-])[O-])O)OC(=O)CCCCCCCCCCCCCCCCC
Phosphatidylglycerophosphate (ditetradec-7-enoyl, n-C14:1)	
Phosphatidylglycerophosphate (ditetradecanoyl, n-C14:0)	
Phosphatidylserine (didodecanoyl, n-C12:0)	
Phosphatidylserine (dihexadec-9-enoyl, n-C16:1)	
Phosphatidylserine (dihexadecanoyl, n-C16:0)	CCCCCCCCCCCCCCCC(=O)OCC(COP(=O)([O-])OCC(C(=O)[O-])[NH3+])OC(=O)CCCCCCCCCCCCCCC
Phosphatidylserine (dioctadec-11-enoyl, n-C18:1)	
Phosphatidylserine (dioctadecanoyl, n-C18:0)	CCCCCCCCCCCCCCCCCC(=O)OCC(COP(=O)([O-])OCC(C(=O)[O-])[NH3+])OC(=O)CCCCCCCCCCCCCCCCC
Phosphatidylserine (ditetradec-7-enoyl, n-C14:1)	
Phosphatidylserine (ditetradecanoyl, n-C14:0)	
Phospho-heptosyl-heptosyl-kdo2-lipidA	CCCCCCCCCCCCCC(=O)OC(CCCCCCCCCCC)CC(=O)OC1C(C(OC(C1OP(=O)([O-])[O-])COC2(CC(C(C(O2)C(CO)O)OC3C(C(C(C(O3)C(CO)O)O)OC4C(C(C(C(O4)C(CO)O)OP(=O)([O-])[O-])O)O)O)OC5(CC(C(C(O5)C(CO)O)O)O)C(=O)[O-])C(=O)[O-])OCC6C(C(C(C(O6)OP(=O)([O-])[O-])NC(=O)CC(CCCCCCCCCCC)O)OC(=O)CC(CCCCCCCCCCC)O)O)NC(=O)CC(CCCCCCCCCCC)OC(=O)CCCCCCCCCCC
Phospho-heptosyl-phospho-heptosyl-heptosyl-kdo2-lipidA	CCCCCCCCCCCCCC(=O)OC(CCCCCCCCCCC)CC(=O)OC1C(C(OC(C1OP(=O)([O-])[O-])COC2(CC(C(C(O2)C(CO)O)OC3C(C(C(C(O3)C(CO)O)OP(=O)([O-])[O-])OC4C(C(C(C(O4)C(COC5C(C(C(C(O5)C(CO)O)O)O)O)O)OP(=O)([O-])[O-])O)O)O)OC6(CC(C(C(O6)C(CO)O)O)O)C(=O)[O-])C(=O)[O-])OCC7C(C(C(C(O7)OP(=O)([O-])[O-])NC(=O)CC(CCCCCCCCCCC)O)OC(=O)CC(CCCCCCCCCCC)O)O)NC(=O)CC(CCCCCCCCCCC)OC(=O)CCCCCCCCCCC
Phosphoenolpyruvate	C=C(C(=O)O)OP(=O)(O)O
Phosphoethanolamine KDO(2)-lipid (A)	
Phosphonate	[O-]P(=O)=O
Phosphotyrosine	C1=CC(=CC=C1CC(C(=O)O)N)OP(=O)(O)O
Pimeloyl-[acyl-carrier protein]	
Pimeloyl-[acyl-carrier protein] methyl ester	
Poly-?-1,6-N-acetyl-D-glucosamine	
Porphobilinogen	C1=C(C(=C(N1)CN)CC(=O)O)CCC(=O)O
Potassium	[K]
Prephenate	C1=CC(C=CC1O)(CC(=O)C(=O)O)C(=O)O
Propan-1-ol	CCCO
Propanal	CCC=O
Propanoyl phosphate	CCC(=O)OP(=O)(O)O
Propanoyl-CoA	CCC(=O)SCCNC(=O)CCNC(=O)C(C(C)(C)COP(=O)(O)OP(=O)(O)OCC1C(C(C(O1)N2C=NC3=C(N=CN=C32)N)O)OP(=O)(O)O)O
Propenoyl-CoA	CC(C)(COP(=O)(O)OP(=O)(O)OCC1C(C(C(O1)N2C=NC3=C(N=CN=C32)N)O)OP(=O)(O)O)C(C(=O)NCCC(=O)NCCSC(=O)C=C)O
Propionate (n-C3:0)	
Protein disulfide isomerase II (oxidized)	
Protein disulfide isomerase II (reduced)	
Protoheme C34H30FeN4O4	
Protoporphyrin	CC1=C(C2=CC3=NC(=CC4=NC(=CC5=C(C(=C(N5)C=C1N2)C=C)C)C(=C4CCC(=O)O)C)C(=C3C)CCC(=O)O)C=C
Protoporphyrinogen IX	CC1=C2CC3=C(C(=C(N3)CC4=C(C(=C(N4)CC5=C(C(=C(N5)CC(=C1CCC(=O)O)N2)CCC(=O)O)C)C=C)C)C=C)C
Pseudouridine	C1=C(C(=O)NC(=O)N1)C2C(C(C(O2)CO)O)O
Pseudouridine 5  phosphate C9H11N2O9P	
Psicoselysine	C(CCNCC(=O)C(C(C(CO)O)O)O)CC(C(=O)O)N
Putrescine	C(CCN)CN
Pyridoxal	CC1=NC=C(C(=C1O)C=O)CO
Pyridoxal 5'-phosphate	CC1=NC=C(C(=C1O)C=O)COP(=O)(O)O
Pyridoxamine	CC1=NC=C(C(=C1O)CN)CO
Pyridoxamine 5'-phosphate	CC1=NC=C(C(=C1O)CN)COP(=O)(O)O
Pyridoxine	CC1=NC=C(C(=C1O)CO)CO
Pyridoxine 5'-phosphate	CC1=NC=C(C(=C1O)CO)COP(=O)(O)O
Pyruvate	CC(=O)C(=O)[O-]
Quinate	C1C(C(C(CC1(C(=O)O)O)O)O)O
Quinolinate	C1=CC(=C(N=C1)C(=O)O)C(=O)O
R-3-hydroxypalmitoyl-[acyl-carrier protein]	
Reduced FMN	CC1=CC2=C(C=C1C)N(C3=C(N2)C(=O)NC(=O)N3)CC(C(C(COP(=O)(O)O)O)O)O
Reduced glutathione	C(CC(=O)NC(CS)C(=O)NCC(=O)O)C(C(=O)O)N
Reduced riboflavin	CC1=CC2=C(C=C1C)N(C3=C(N2)C(=O)NC(=O)N3)CC(C(C(CO)O)O)O
Reduced thioredoxin	
Rhamanosyl-N-acetylglucosamyl-undecaprenyl diphosphate	CC1C(C(C(C(O1)OC2C(C(OC(C2O)CO)OP(=O)([O-])OP(=O)([O-])OCC=C(C)CCC=C(C)CCC=C(C)CCC=C(C)CCC=C(C)CCC=C(C)CCC=C(C)CCC=C(C)CCC=C(C)CCC=C(C)CCC=C(C)C)NC(=O)C)O)O)O
Riboflavin C17H20N4O6	
Rifampin	CC1C=CC=C(C(=O)NC2=C(C(=C3C(=C2O)C(=C(C4=C3C(=O)C(O4)(OC=CC(C(C(C(C(C(C1O)C)O)C)OC(=O)C)C)OC)C)C)O)O)C=NN5CCN(CC5)C)C
Ring 1,2-epoxyphenylacetyl-CoA	
S-Adenosyl-4-methylthio-2-oxobutanoate	C[S+](CCC(=O)C(=O)O)CC1C(C(C(O1)N2C=NC3=C(N=CN=C32)N)O)O
S-Adenosyl-L-homocysteine	C1=NC(=C2C(=N1)N(C=N2)C3C(C(C(O3)CSCCC(C(=O)O)N)O)O)N
S-Adenosyl-L-methionine	C[S+](CCC(C(=O)[O-])N)CC1C(C(C(O1)N2C=NC3=C(N=CN=C32)N)O)O
S-Adenosylmethioninamine	C[S+](CCCN)CC1C(C(C(O1)N2C=NC3=C(N=CN=C32)N)O)O
S-Formylglutathione	C(CC(=O)NC(CSC=O)C(=O)NCC(=O)O)C(C(=O)O)N
S-Methyl-L-methionine	C[S+](C)CCC(C(=O)O)N
S-Ribosyl-L-homocysteine	C(CSCC1C(C(C(O1)O)O)O)C(C(=O)O)N
S-ureidoglycine	
Sarcosine C3H7NO2	
Sedoheptulose 1,7-bisphosphate	C(C(C(C(C(C(=O)COP(=O)(O)O)O)O)O)O)OP(=O)(O)O
Sedoheptulose 7-phosphate	C(C(C(C(C(C(=O)CO)O)O)O)O)OP(=O)(O)O
Selenate	[O-][Se](=O)(=O)[O-]
Selenide	[Se-2]
Selenite	[O-][Se](=O)[O-]
Selenodiglutathione	C(CC(=O)NC(CS[Se]SCC(C(=O)NCC(=O)O)NC(=O)CCC(C(=O)O)N)C(=O)NCC(=O)O)C(C(=O)O)N
Selenophosphate	
Shikimate	C1C(C(C(C=C1C(=O)O)O)O)O
Shikimate 5-phosphate	C1C(C(C(C=C1C(=O)O)OP(=O)(O)O)O)O
Silver	[Ag]
Siroheme C42H36FeN4O16	
Sirohydrochlorin	CC1(C(C2=NC1=CC3=NC(=CC4=C(C(=C(N4)C=C5C(=C(C(=C2)N5)CC(=O)O)CCC(=O)O)CCC(=O)O)CC(=O)O)C(C3CCC(=O)O)(C)CC(=O)O)CCC(=O)O)CC(=O)O
Sn-Glycero-3-phospho-1-inositol	C(C(COP(=O)(O)OC1C(C(C(C(C1O)O)O)O)O)O)O
Sn-Glycero-3-phosphocholine	C[N+](C)(C)CCOP(=O)([O-])OCC(CO)O
Sn-Glycero-3-phosphoethanolamine	C(COP(=O)(O)OCC(CO)O)N
Sodium	[Na]
Spermidine	C(CCNCCCN)CN
Stearoyl-CoA (n-C18:0CoA)	
Succinate	C(CC(=O)[O-])C(=O)[O-]
Succinic semialdehyde	C(CC(=O)O)C=O
Succinyl-CoA	CC(C)(COP(=O)(O)OP(=O)(O)OCC1C(C(C(O1)N2C=NC3=C(N=CN=C32)N)O)OP(=O)(O)O)C(C(=O)NCCC(=O)NCCSC(=O)CCC(=O)O)O
Sucrose 6-phosphate	C(C1C(C(C(O1)(CO)OC2C(C(C(C(O2)COP(=O)(O)O)O)O)O)O)O)O
Sucrose C12H22O11	
SufBCD scaffold complex	
SufBCD with bound [2Fe-2S] cluster	
SufBCD with bound [4Fe-4S] cluster	
SufBCD with two bound [2Fe-2S] clusters	
SufSE sulfur acceptor complex	
SufSE with bound sulfur	
Sulfate	[O-]S(=O)(=O)[O-]
Sulfite	[O-]S(=O)[O-]
Sulfoacetate	C(C(=O)O)S(=O)(=O)O
Sulfur dioxide	O=S=O
Sulpholactaldehyde	C(C(C=O)O)S(=O)(=O)O
Sulphoquinovose	CC(C(C(C(C(=O)S(=O)(=O)O)O)O)O)O
Superoxide anion	[O-][O]
TRNA (Glu)	
Taurine	C(CS(=O)(=O)O)N
Taurine C2H7NO3S	
Tellurite	[O-][Te](=O)[O-]
Tetracycline	CC1(C2CC3C(C(=O)C(=C(C3(C(=O)C2=C(C4=C1C=CC=C4O)O)O)O)C(=O)N)N(C)C)O
Tetradecanoate (n-C14:0)	
Tetradecanoyl-CoA (n-C14:0CoA)	
Tetradecanoyl-phosphate (n-C14:0)	
Tetradecanoyl-phosphate (n-C14:1)	
Tetradecenoate (n-C14:1)	
Tetradecenoyl-CoA (n-C14:1CoA)	
Tetrahydrocurcumin	COC1=C(C=CC(=C1)CCC(=O)CC(=O)CCC2=CC(=C(C=C2)O)OC)O
Tetrahydromonapterin	C1C(NC2=C(N1)N=C(NC2=O)N)C(C(CO)O)O
Thiamin	CC1=C(SC=[N+]1CC2=CN=C(N=C2N)C)CCO
Thiamin monophosphate	CC1=C(SC=[N+]1CC2=CN=C(N=C2N)C)CCOP(=O)(O)O
Thiamine diphosphate	CC1=C(SC=[N+]1CC2=CN=C(N=C2N)C)CCOP(=O)(O)OP(=O)(O)O
Thiocyanate	C(#N)[S-]
Thiosulfate	[O-]S(=O)(=S)[O-]
Three disacharide linked murein units (pentapeptide crosslinked tetrapeptide (A2pm->D-ala) tetrapeptide corsslinked tetrapeptide (A2pm->D-ala)) (middle of chain)	CC1C(=O)NC(C(=O)NC2CCCC(NC(=O)C(NC(=O)C(NC(=O)C(NC(=O)C(NC(=O)C(OC3C(C(OC(C3OC4C(C(C(C(O4)CO)O)O)NC(=O)C)CO)OC5C(OC(C(C5O)NC(=O)C)OC6C(OC(C(C6OC(C(=O)N1)C)NC(=O)C)OC7C(OC(C(C7O)NC(=O)C)OC8C(OC=C(C8OC(C(=O)NC(C(=O)NC(C(=O)NC(CCCC(NC(=O)C(NC2=O)C)C(=O)O)C(=O)NC(C)C(=O)NC(C)C(=O)O)CCC(=O)O)C)C)NC(=O)C)CO)CO)CO)CO)NC(=O)C)C)C)CCC(=O)O)CCCC(C(=O)O)N)C)C(=O)O)CCC(=O)O
Three disacharide linked murein units (tetrapeptide crosslinked tetrapeptide (A2pm->D-ala) & tetrapeptide corsslinked tetrapeptide (A2pm->D-ala)) (middle of chain)	
Three disacharide linked murein units (tetrapeptide crosslinked tetrapeptide (A2pm->D-ala), one uncrosslinked tetrapaptide) (middle of chain)	CC1C(=O)NC(C(=O)NC(C(=O)NC(C(=O)NC(CCCC(NC(=O)C(NC(=O)C(NC(=O)C(OC2C(C(OC=C2NC(=O)C)CO)OC3C(C(C(C(O3)CO)OC4C(C(C(C(O4)CO)OC5C(C(C(C(O5)CO)OC6C(C(C(C(O6)CO)OC7C(C(C(C(O7)CO)O)O)NC(=O)C)OC(C)C(=O)NC(C)C(=O)NC(CCC(=O)[O-])C(=O)NC(CCCC(C(=O)[O-])[NH3+])C(=O)NC(C)C(=O)[O-])NC(=O)C)O)NC(=O)C)OC(C(=O)N1)C)NC(=O)C)O)NC(=O)C)C)C)CCC(=O)[O-])C(=O)NC(C)C(=O)[O-])C(=O)[O-])C)CCCC(C(=O)[O-])[NH3+])CCC(=O)[O-]
Three linked disacharide pentapeptide murein units (uncrosslinked, middle of chain)	
Thymidine C10H14N2O5	
Thymine	CC1=CNC(=O)NC1=O
Thymine C5H6N2O2	
Trans-3-cis-11-vacceoyl-[acyl-carrier protein]	
Trans-3-cis-5-dodecenoyl-[acyl-carrier protein]	
Trans-3-cis-7-myristoleoyl-[acyl-carrier protein]	
Trans-3-cis-9-palmitoleoyl-[acyl-carrier protein]	
Trans-Aconitate	C(C(=CC(=O)O)C(=O)O)C(=O)O
Trans-Cinnamate	C1=CC=C(C=C1)C=CC(=O)O
Trans-Dec-2-enoyl-CoA	CCCCCCCC=CC(=O)SCCNC(=O)CCNC(=O)C(C(C)(C)COP(=O)(O)OP(=O)(O)OCC1C(C(C(O1)N2C=NC3=C(N=CN=C32)N)O)OP(=O)(O)O)O
Trans-Dec-2-enoyl-[acyl-carrier protein]	
Trans-Dodec-2-enoyl-CoA	CCCCCCCCCC=CC(=O)SCCNC(=O)CCNC(=O)C(C(C)(C)COP(=O)(O)OP(=O)(O)OCC1C(C(C(O1)N2C=NC3=C(N=CN=C32)N)O)OP(=O)(O)O)O
Trans-Dodec-2-enoyl-[acyl-carrier protein]	
Trans-Hex-2-enoyl-CoA	CCCC=CC(=O)SCCNC(=O)CCNC(=O)C(C(C)(C)COP(=O)(O)OP(=O)(O)OCC1C(C(C(O1)N2C=NC3=C(N=CN=C32)N)O)OP(=O)(O)O)O
Trans-Hex-2-enoyl-[acyl-carrier protein]	
Trans-Hexadec-2-enoyl-CoA	CCCCCCCCCCCCCC=CC(=O)SCCNC(=O)CCNC(=O)C(C(C)(C)COP(=O)(O)OP(=O)(O)OCC1C(C(C(O1)N2C=NC3=C(N=CN=C32)N)O)OP(=O)(O)O)O
Trans-Hexadec-2-enoyl-[acyl-carrier protein]	
Trans-Oct-2-enoyl-CoA	CCCCCC=CC(=O)SCCNC(=O)CCNC(=O)C(C(C)(C)COP(=O)(O)OP(=O)(O)OCC1C(C(C(O1)N2C=NC3=C(N=CN=C32)N)O)OP(=O)(O)O)O
Trans-Oct-2-enoyl-[acyl-carrier protein]	
Trans-Octadec-2-enoyl-CoA	CCCCCCCCCCCCCCCC=CC(=O)SCCNC(=O)CCNC(=O)C(C(C)(C)COP(=O)(O)OP(=O)(O)OCC1C(C(C(O1)N2C=NC3=C(N=CN=C32)N)O)OP(=O)(O)O)O
Trans-Tetradec-2-enoyl-CoA	CCCCCCCCCCCC=CC(=O)SCCNC(=O)CCNC(=O)C(C(C)(C)COP(=O)(O)OP(=O)(O)OCC1C(C(C(O1)N2C=NC3=C(N=CN=C32)N)O)OP(=O)(O)O)O
Trans-Tetradec-2-enoyl-[acyl-carrier protein]	
Trans-octadec-2-enoyl-[acyl-carrier protein]	
Trehalose	C(C1C(C(C(C(O1)OC2C(C(C(C(O2)CO)O)O)O)O)O)O)O
Trimethylamine	CN(C)C
Trimethylamine N-oxide	C[N+](C)(C)[O-]
Tungstate	[O-][W](=O)(=O)[O-]
Tungsten binding cofactor	
Tungsten bispterin cofactor	
Tungsten bispterin cofactor guanine dinucleotide	
Tungsten bispterin cofactor mono-guanine dinucleotide	
Two disacharide linked murein units, pentapeptide corsslinked tripeptide (A2pm->A2pm) (middle of chain)	
Two disacharide linked murein units, pentapeptide crosslinked tetrapeptide (A2pm->D-ala) (middle of chain)	CC1C(=O)NC(C(=O)NC(C(=O)NC(C(=O)NC(CCCC(NC(=O)C(NC(=O)C(NC(=O)C(OC2C(C(OC=C2NC(=O)C)CO)OC3C(C(C(C(O3)CO)OC4C(C(C(C(O4)CO)OC5C(C(C(C(O5)CO)O)O)NC(=O)C)OC(C(=O)N1)C)NC(=O)C)O)NC(=O)C)C)C)CCC(=O)O)C(=O)NC(C)C(=O)NC(C)C(=O)O)C(=O)O)C)CCCC(C(=O)O)N)CCC(=O)O
Two disacharide linked murein units, tetrapeptide corsslinked tetrapeptide (A2pm->D-ala) (middle of chain)	
Two disacharide linked murein units, tripeptide crosslinked tetrapeptide (A2pm->D-ala) (middle of chain)	CC1C(=O)NC(C(=O)NC(C(=O)NC(C(=O)NC(CCCC(NC(=O)C(NC(=O)C(NC(=O)C(OC2C(C(OC=C2NC(=O)C)CO)OC3C(C(C(C(O3)CO)OC4C(C(C(C(O4)CO)OC5C(C(C(C(O5)CO)O)O)NC(=O)C)OC(C(=O)N1)C)NC(=O)C)O)NC(=O)C)C)C)CCC(=O)[O-])C(=O)O)C(=O)[O-])C)CCCC(C(=O)[O-])N)CCC(=O)[O-]
Two disacharide linked murein units, tripeptide crosslinked tripeptide (A2pm->A2pm) (middle of chain)	CC1C(=O)NC(C(=O)NC(C(=O)NC(CCCC(NC(=O)C(NC(=O)C(NC(=O)C(OC2C(C(OC=C2NC(=O)C)CO)OC3C(C(C(C(O3)CO)OC4C(C(C(C(O4)CO)OC5C(C(C(C(O5)CO)O)O)NC(=O)C)OC(C(=O)N1)C)NC(=O)C)O)NC(=O)C)C)C)CCC(=O)O)C(=O)O)C(=O)O)CCCC(C(=O)O)N)CCC(=O)O
Two linked disacharide pentapeptide and tetrapeptide murein units (uncrosslinked, middle of chain)	
Two linked disacharide pentapeptide and tripeptide murein units (uncrosslinked, middle of chain)	
Two linked disacharide pentapeptide murein units (uncrosslinked, middle of chain)	
Two linked disacharide tetrapeptide and tripeptide murein units (uncrosslinked, middle of chain)	
Two linked disacharide tetrapeptide murein units (uncrosslinked, middle of chain)	
Two linked disacharide tripeptide murein units (uncrosslinked, middle of chain)	
Tyramine	C1=CC(=CC=C1CCN)O
UDP	C1=CN(C(=O)NC1=O)C2C(C(C(O2)COP(=O)(O)OP(=O)(O)O)O)O
UDP C9H11N2O12P2	
UDP-2,3-bis(3-hydroxytetradecanoyl)glucosamine	CCCCCCCCCCCC(CC(=O)NC1C(C(C(OC1OP(=O)(O)OP(=O)(O)OCC2C(C(C(O2)N3C=CC(=O)NC3=O)O)O)CO)O)OC(=O)CC(CCCCCCCCCCC)O)O
UDP-3-O-(3-hydroxytetradecanoyl)-D-glucosamine	CCCCCCCCCCCC(CC(=O)OC1C(C(OC(C1O)CO)OP(=O)(O)OP(=O)(O)OCC2C(C(C(O2)N3C=CC(=O)NC3=O)O)O)N)O
UDP-3-O-(3-hydroxytetradecanoyl)-N-acetylglucosamine	CCCCCCCCCCCC(CC(=O)OC1C(C(OC(C1O)CO)OP(=O)([O-])OP(=O)([O-])OCC2C(C(C(O2)N3C=CC(=O)NC3=O)O)O)NC(=O)C)O
UDP-4-keto-pyranose	C1C(=O)C(C(C(O1)OP(=O)([O-])OP(=O)([O-])OCC2C(C(C(O2)N3C=CC(=O)NC3=O)O)O)O)O
UDP-D-galacto-1,4-furanose	C1=CN(C(=O)NC1=O)C2C(C(C(O2)COP(=O)(O)OP(=O)(O)OC3C(C(C(O3)C(CO)O)O)O)O)O
UDP-D-glucuronate	C1=CN(C(=O)NC1=O)C2C(C(C(O2)COP(=O)(O)OP(=O)(O)OC3C(C(C(C(O3)C(=O)O)O)O)O)O)O
UDP-N-acetyl-3-O-(1-carboxyvinyl)-D-glucosamine	CC(=O)NC1C(C(C(OC1OP(=O)(O)OP(=O)(O)OCC2C(C(C(O2)N3C=CC(=O)NC3=O)O)O)CO)O)OC(=C)C(=O)O
UDP-N-acetyl-D-galactosamine	CC(=O)NC1C(C(C(OC1OP(=O)(O)OP(=O)(O)OCC2C(C(C(O2)N3C=CC(=O)NC3=O)O)O)CO)O)O
UDP-N-acetyl-D-glucosamine	CC(=O)NC1C(C(C(OC1OP(=O)(O)OP(=O)(O)OCC2C(C(C(O2)N3C=CC(=O)NC3=O)O)O)CO)O)O
UDP-N-acetyl-D-mannosamine	CC(=O)NC1C(C(C(OC1OP(=O)(O)OP(=O)(O)OCC2C(C(C(O2)N3C=CC(=O)NC3=O)O)O)CO)O)O
UDP-N-acetyl-D-mannosaminouronate	CC(=O)NC1C(C(C(OC1OP(=O)([O-])OP(=O)([O-])OCC2C(C(C(O2)N3C=CC(=O)NC3=O)O)O)C(=O)[O-])O)O
UDP-N-acetylmuramate	CC(C(=O)O)OC1C(C(OC(C1O)CO)OP(=O)(O)OP(=O)(O)OCC2C(C(C(O2)N3C=CC(=O)NC3=O)O)O)NC(=O)C
UDP-N-acetylmuramoyl-L-alanine	CC(C(=O)O)NC(=O)C(C)OC1C(C(OC(C1O)CO)OP(=O)(O)OP(=O)(O)OCC2C(C(C(O2)N3C=CC(=O)NC3=O)O)O)NC(=O)C
UDP-N-acetylmuramoyl-L-alanyl-D-gamma-glutamyl-meso-2,6-diaminopimelate	CC(C(=O)NC(CCC(=O)NC(CCCC(C(=O)O)N)C(=O)O)C(=O)O)NC(=O)C(C)OC1C(C(OC(C1O)CO)OP(=O)(O)OP(=O)(O)OCC2C(C(C(O2)N3C=CC(=O)NC3=O)O)O)NC(=O)C
UDP-N-acetylmuramoyl-L-alanyl-D-gamma-glutamyl-meso-2,6-diaminopimelate-D-alanine	
UDP-N-acetylmuramoyl-L-alanyl-D-glutamate	CC(C(=O)NC(CCC(=O)O)C(=O)O)NC(=O)C(C)OC1C(C(OC(C1O)CO)OP(=O)(O)OP(=O)(O)OCC2C(C(C(O2)N3C=CC(=O)NC3=O)O)O)NC(=O)C
UDP-N-acetylmuramoyl-L-alanyl-D-glutamyl-meso-2,6-diaminopimeloyl-D-alanyl-D-alanine	CC(C(=O)NC(CCC(=O)NC(CCCC(C(=O)O)N)C(=O)NC(C)C(=O)NC(C)C(=O)O)C(=O)O)NC(=O)C(C)OC1C(C(OC(C1O)CO)OP(=O)(O)OP(=O)(O)OCC2C(C(C(O2)N3C=CC(=O)NC3=O)O)O)NC(=O)C
UDPgalactose	C1=CN(C(=O)NC1=O)C2C(C(C(O2)COP(=O)(O)OP(=O)(O)OC3C(C(C(C(O3)CO)O)O)O)O)O
UDPglucose	C1=CN(C(=O)NC1=O)C2C(C(C(O2)COP(=O)(O)OP(=O)(O)OC3C(C(C(C(O3)CO)O)O)O)O)O
UMP	C1=CN(C(=O)NC1=O)C2C(C(C(O2)COP(=O)(O)O)O)O
UMP C9H11N2O9P	
UTP	C1=CN(C(=O)NC1=O)C2C(C(C(O2)COP(=O)(O)OP(=O)(O)OP(=O)(O)O)O)O
UTP C9H11N2O15P3	
Ubiquinol-8	CC1=C(C(=C(C(=C1O)OC)OC)O)CC=C(C)CCC=C(C)CCC=C(C)CCC=C(C)CCC=C(C)CCC=C(C)CCC=C(C)CCC=C(C)C
Ubiquinone-8	CC1=C(C(=O)C(=C(C1=O)OC)OC)CC=C(C)CCC=C(C)CCC=C(C)CCC=C(C)CCC=C(C)CCC=C(C)CCC=C(C)CCC=C(C)C
Undecaprenol-diphosphate-glucose	CC=C(C)CCC=C(C)CCC=C(C)CCC=C(C)CCC=C(C)CCC=C(C)CCC=C(C)CCC=C(C)CCC=C(C)CCC=C(C)CCC=C(C)COP(=O)([O-])OP(=O)([O-])OC1C(C(C(C(O1)CO)O)O)O
Undecaprenyl diphosphate	CC(=CCCC(=CCCC(=CCCC(=CCCC(=CCCC(=CCCC(=CCCC(=CCCC(=CCCC(=CCCC(=CCOP(=O)(O)OP(=O)(O)O)C)C)C)C)C)C)C)C)C)C)C
Undecaprenyl diphospho N-acetyl-glucosamine	CC(=CCCC(=CCCC(=CCCC(=CCCC(=CCCC(=CCCC(=CCCC(=CCCC(=CCCC(=CCCC(=CCOP(=O)([O-])OP(=O)([O-])OC1C(C(C(C(O1)CO)O)O)NC(=O)C)C)C)C)C)C)C)C)C)C)C)C
Undecaprenyl phosphate	CC(=CCCC(=CCCC(=CCCC(=CCCC(=CCCC(=CCCC(=CCCC(=CCCC(=CCCC(=CCCC(=CCOP(=O)(O)O)C)C)C)C)C)C)C)C)C)C)C
Undecaprenyl phosphate-4-amino-4-deoxy-L-arabinose	
Undecaprenyl phosphate-4-amino-4-formyl-L-arabinose	CC(=CCCC(=CCCC(=CCCC(=CCCC(=CCCC(=CCCC(=CCCC(=CCCC(=CCCC(=CCCC(=CCOP(=O)([O-])OC1C(C(C(CO1)(C=O)N)O)O)C)C)C)C)C)C)C)C)C)C)C
Undecaprenyl-diphospho N-acetylglucosamine-N-acetylmannosaminuronate-N-acetamido-4,6-dideoxy-D-galactose	CC1C(C(C(C(O1)OC2C(C(C(OC2C(=O)[O-])OC3C(OC(C(C3O)NC(=O)C)OP(=O)([O-])OP(=O)([O-])OCC=C(C)CCC=C(C)CCC=C(C)CCC=C(C)CCC=C(C)CCC=C(C)CCC=C(C)CCC=C(C)CCC=C(C)CCC=C(C)CCC=C(C)C)CO)NC(=O)C)O)O)O)NC(=O)C
Undecaprenyl-diphospho-N-acetylglucosamine-N-acetylmannosaminuronate	CC(=CCCC(=CCCC(=CCCC(=CCCC(=CCCC(=CCCC(=CCCC(=CCCC(=CCCC(=CCCC(=CCOP(=O)(O)OP(=O)(O)OC1C(C(C(C(O1)CO)OC2C(C(C(C(O2)C(=O)O)O)O)NC(=O)C)O)NC(=O)C)C)C)C)C)C)C)C)C)C)C)C
Undecaprenyl-diphospho-N-acetylmuramoyl-(N-acetylglucosamine)-L-ala-D-glu-meso-2,6-diaminopimeloyl-D-ala-D-ala	
Undecaprenyl-diphospho-N-acetylmuramoyl-L-alanyl-D-glutamyl-meso-2,6-diaminopimeloyl-D-alanyl-D-alanine	
Uracil	C1=CNC(=O)NC1=O
Urate C5H4N4O3	
Urea CH4N2O	
Ureidoacrylate peracid	C(=CNC(=O)N)C(=O)OO
Uridine	C1=CN(C(=O)NC1=O)C2C(C(C(O2)CO)O)O
Uridine 5''-diphospho-{beta}-4-deoxy-4-amino-L-arabinose	C1C(C(C(C(O1)OP(=O)([O-])OP(=O)([O-])OCC2C(C(C(O2)N3C=CC(=O)NC3=O)O)O)O)O)[NH3+]
Uridine 5''-diphospho-{beta}-4-deoxy-4-formamido-L-arabinose	C1C(C(C(C(O1)OP(=O)([O-])OP(=O)([O-])OCC2C(C(C(O2)N3C=CC(=O)NC3=O)O)O)O)O)NC=O
Uroporphyrinogen III	C1C2=C(C(=C(N2)CC3=C(C(=C(N3)CC4=C(C(=C(N4)CC5=C(C(=C1N5)CCC(=O)O)CC(=O)O)CC(=O)O)CCC(=O)O)CC(=O)O)CCC(=O)O)CC(=O)O)CCC(=O)O
XDP	C1=NC2=C(N1C3C(C(C(O3)COP(=O)(O)OP(=O)(O)O)O)O)NC(=O)NC2=O
XTP	C1=NC2=C(N1C3C(C(C(O3)COP(=O)(O)OP(=O)(O)OP(=O)(O)O)O)O)NC(=O)NC2=O
Xanthine	C1=NC2=C(N1)C(=O)NC(=O)N2
Xanthosine	C1=NC2=C(N1C3C(C(C(O3)CO)O)O)NC(=O)NC2=O
Xanthosine 5'-phosphate	C1=NC2=C(N1C3C(C(C(O3)COP(=O)(O)O)O)O)NC(=O)NC2=O
Zinc	[Zn]
[2Fe-1S] desulfurated iron-sulfur cluster	
[2Fe-2S] iron-sulfur cluster	
[3Fe-4S] damaged iron-sulfur cluster	
[4Fe-4S] iron-sulfur cluster	
abt5p_c	
abt_c	
acahedio_c	
acahepdio_c	
aceala_c	
acealacys_c	
acealamalcys_c	
aceasn_c	
acecys_c	
acedmet_c	
acedser_c	
aceglu_c	
acelmet_c	
acelser_c	
acelys_c	
acesmalcys_c	
adip_c	
alatrnalys_c	
alatrnapro_c	
alein_c	
alpha-D-Ribose 5-phosphate	C(C1C(C(C(O1)O)O)O)OP(=O)(O)O
apim_c	
argtrnalys_c	
asn_D_c	
asp_D_c	
basphy_c	
benorn_c	
beta-Alanine	C(CN)C(=O)O
butsul_c	
bz_c	
bzal_c	
caroxbut_c	
chorismate	C=C(C(=O)O)OC1C=C(C=CC1O)C(=O)O
cis-2-Methylaconitate	CC(=C(CC(=O)O)C(=O)O)C(=O)O
cis-Aconitate	C(C(=CC(=O)O)C(=O)O)C(=O)O
cystrnalys_c	
cystrnapro_c	
dADP	C1C(C(OC1N2C=NC3=C(N=CN=C32)N)COP(=O)(O)OP(=O)(O)O)O
dAMP	C1C(C(OC1N2C=NC3=C(N=CN=C32)N)COP(=O)(O)O)O
dATP	C1C(C(OC1N2C=NC3=C(N=CN=C32)N)COP(=O)(O)OP(=O)(O)OP(=O)(O)O)O
dCDP	C1C(C(OC1N2C=CC(=NC2=O)N)COP(=O)(O)OP(=O)(O)O)O
dCTP	C1C(C(OC1N2C=CC(=NC2=O)N)COP(=O)(O)OP(=O)(O)OP(=O)(O)O)O
dDs7p_c	
dGDP	C1C(C(OC1N2C=NC3=C2N=C(NC3=O)N)COP(=O)(O)OP(=O)(O)O)O
dGMP	C1C(C(OC1N2C=NC3=C2N=C(NC3=O)N)COP(=O)(O)O)O
dGTP	C1C(C(OC1N2C=NC3=C2N=C(NC3=O)N)COP(=O)(O)OP(=O)(O)OP(=O)(O)O)O
dIDP	C1C(C(OC1N2C=NC3=C2N=CNC3=O)COP(=O)(O)OP(=O)(O)O)O
dITP	C1C(C(OC1N2C=NC3=C2N=CNC3=O)COP(=O)(O)OP(=O)(O)OP(=O)(O)O)O
dTDP	CC1=CN(C(=O)NC1=O)C2CC(C(O2)COP(=O)(O)OP(=O)(O)O)O
dTDP-4-dehydro-6-deoxy-L-mannose	CC1C(=O)C(C(C(O1)OP(=O)(O)OP(=O)(O)OCC2C(CC(O2)N3C=C(C(=O)NC3=O)C)O)O)O
dTDP-L-rhamnose	CC1C(C(C(C(O1)OP(=O)(O)OP(=O)(O)OCC2C(CC(O2)N3C=C(C(=O)NC3=O)C)O)O)O)O
dTDPglucose	CC1=CN(C(=O)NC1=O)C2CC(C(O2)COP(=O)(O)OP(=O)(O)OC3C(C(C(C(O3)CO)O)O)O)O
dTMP	CC1=CN(C(=O)NC1=O)C2CC(C(O2)COP(=O)(O)O)O
dTTP	CC1=CN(C(=O)NC1=O)C2CC(C(O2)COP(=O)(O)OP(=O)(O)OP(=O)(O)O)O
dUDP	C1C(C(OC1N2C=CC(=O)NC2=O)COP(=O)(O)OP(=O)(O)O)O
dUMP	C1C(C(OC1N2C=CC(=O)NC2=O)COP(=O)(O)O)O
dUTP	C1C(C(OC1N2C=CC(=O)NC2=O)COP(=O)(O)OP(=O)(O)OP(=O)(O)O)O
deglu1p_c	
delpicar_c	
deryt_c	
df6p_c	
dfru_c	
disulan_c	
disulthi_c	
drib_c	
dxy1p_L_c	
ery1p_D_c	
farhyben_c	
gam_c	
gergerhyben_c	
gerhyben_c	
gghy_c	
glutrnalys_c	
glyoald_c	
gmgluni_c	
hcl_c	
his_D_c	
hom_D_c	
hpa_c	
hpal_c	
hxal_c	
imi2oxpro_c	
isoleutrnaval_c	
l2amhy_c	
l2amphy_c	
leutrnalys_c	
methylisocitrate	CC(C(CC(=O)O)C(=O)O)(C(=O)O)O
mettrnalys_c	
msuloxbut_c	
myo-Inositol	C1(C(C(C(C(C1O)O)O)O)O)O
nacraspp_c	
napace_c	
nclrasp_c	
nclraspp_c	
nforaspp_c	
niacedglu_c	
npan_c	
npanp_c	
octadecanoate (n-C18:0)	CCCCCCCCCCCCCCCCCC(=O)[O-]
octadecenoate (n-C18:1)	CCCCCCCCC=CCCCCCCCC(=O)[O-]
orntrnalys_c	
oxosuc_c	
pdhom_c	
pensul_c	
phe_D_c	
phenol_c	
phosphatidylethanolamine (didodecanoyl, n-C12:0)	CCCCCCCCCCCC(=O)OCC(COP(=O)([O-])OCC[NH3+])OC(=O)CCCCCCCCCCC
phosphatidylethanolamine (dihexadec-9enoyl, n-C16:1)	CCCCCCC=CCCCCCCCC(=O)OCC(COP(=O)([O-])OCC[NH3+])OC(=O)CCCCCCCC=CCCCCCC
phosphatidylethanolamine (dihexadecanoyl, n-C16:0)	CCCCCCCCCCCCCCCC(=O)OCC(COP(=O)([O-])OCC[NH3+])OC(=O)CCCCCCCCCCCCCCC
phosphatidylethanolamine (dioctadec-11-enoyl, n-C18:1)	CCCCCCC=CCCCCCCCCCC(=O)OCC(COP(=O)([O-])OCC[NH3+])OC(=O)CCCCCCCCCC=CCCCCCC
phosphatidylethanolamine (dioctadecanoyl, n-C18:0)	CCCCCCCCCCCCCCCCCC(=O)OCC(COP(=O)([O-])OCC[NH3+])OC(=O)CCCCCCCCCCCCCCCCC
phosphatidylethanolamine (ditetradec-7-enoyl, n-C14:1)	
phosphatidylethanolamine (ditetradecanoyl, n-C14:0)	CCCCCCCCCCCCCC(=O)OCC(COP(=O)([O-])OCC[NH3+])OC(=O)CCCCCCCCCCCCC
pnol_c	
propglu_c	
psi1p_c	
pta_c	
ptal_c	
rbt5p_c	
rbt_c	
rib1p_c	
sdhlam_c	
sertrnalys_c	
sn-Glycero-3-phosphoethanolamine	C(COP(=O)(O)OCC(CO)O)N
sor1p_D_c	
sor6p_c	
sucr_c	
tRNA(Lys)	
tRNA(Pro)	
tRNA(Val)	
tag1p_D_c	
tag_c	
tetradecanoate (n-C14:0)	
tetradecenoate (n-C14:1)	
thrtrnalys_c	
udca_c	
udcal_c	
val_D_c	
vigly_c	
xylt_c	
	
 (R)-2-Oxo-3-methylpentanoate	CCC(C)C(=O)C(=O)O
 (R)-3-Hydroxy-3-methyl-2-oxopentanoate	CCC(C)(C(=O)C(=O)[O-])O
 1-Acyl-sn-glycero-3-phosphoethanolamine dodecanoyl	
 1-Acyl-sn-glycero-3-phosphoethanolamine hexadec-9-enoyl	
 1-Acyl-sn-glycero-3-phosphoethanolamine hexadecanoyl	
 1-Acyl-sn-glycero-3-phosphoethanolamine tetradec-7-enoyl	
 1-Acyl-sn-glycero-3-phosphoethanolamine tetradecanoyl	
 1-Acyl-sn-glycero-3-phosphoglycerol dodecanoyl	
 1-Acyl-sn-glycero-3-phosphoglycerol hexadec-9-enoyl	
 1-Acyl-sn-glycero-3-phosphoglycerol hexadecanoyl	
 1-Acyl-sn-glycero-3-phosphoglycerol octadec-11-enoyl	
 1-Acyl-sn-glycero-3-phosphoglycerol octadecanoyl	
 1-Acyl-sn-glycero-3-phosphoglycerol tetradec-7-enoyl	
 1-Acyl-sn-glycero-3-phosphoglycerol tetradecanoyl	
 2-Dehydro-3-deoxy-D-glucarate	C(C(C(C(=O)O)O)O)C(=O)C(=O)O
 2-Methylacetoacetyl-CoA	CC(C(=O)C)C(=O)SCCNC(=O)CCNC(=O)C(C(C)(C)COP(=O)(O)OP(=O)(O)OCC1C(C(C(O1)N2C=NC3=C(N=CN=C32)N)O)OP(=O)(O)O)O
 2-Methylbutyryl-CoA	CCC(C)C(=O)SCCNC(=O)CCNC(=O)C(C(C)(C)COP(=O)(O)OP(=O)(O)OCC1C(C(C(O1)N2C=NC3=C(N=CN=C32)N)O)OP(=O)(O)O)O
 2-Oxo-3-hydroxyisovalerate	CC(C)(C(=O)C(=O)[O-])O
 2-methyl-3-hydroxy-butyryl-CoA	
 3-Aminopropiononitrile	C(CN)C#N
 3-Chloroallyl aldehyde	
 3-Hydroxy-L-1-pyrroline-5-carboxylate	C1C(C=NC1C(=O)O)O
 3-Hydroxyisobutyrate	CC(CO)C(=O)[O-]
 3-Keto-beta-D-galactose	C(C1C(C(=O)C(C(O1)O)O)O)O
 3-Ketolactose	C(C1C(C(C(C(O1)O)O)O)OC2C(C(=O)C(C(O2)CO)O)O)O
 3-Oxo-2-methylpropanoate	CC(C=O)C(=O)O
 3-Sulfopyruvate	C(C(=O)C(=O)O)S(=O)(=O)O
 4-Hydroxy-2-oxoglutarate	C(C(C(=O)O)O)C(=O)C(=O)O
 4-Hydroxy-L-glutamate	C(C(C(=O)[O-])[NH3+])C(C(=O)[O-])O
 5-Dehydroshikimate	
 5-Methylcytosine	CC1=C(NC(=O)N=C1)N
 5-Methyltetrahydropteroyltri-L-glutamate	CN1C(CNC2=C1C(=O)NC(=N2)N)CNC3=CC=C(C=C3)C(=O)NC(CCC(=O)NC(CCC(=O)NC(CCC(=O)O)C(=O)O)C(=O)O)C(=O)O
 Allophanate	C(=O)(N)NC(=O)O
 CELB	
 Carnosine	C1=C(NC=N1)CC(C(=O)O)NC(=O)CCN
 Cytochrome c2+	
 Cytochrome c3+	
 D-Glutamine	C(CC(=O)N)C(C(=O)O)N
 D-O-Phosphoserine	C(C(C(=O)O)N)OP(=O)(O)O
 Dehydroalanine	C=C(C(=O)O)N
 Dihydrobiopterin	CC(C(C1=NC2=C(NC1)N=C(NC2=O)N)O)O
 Ferricytochrome b1	
 Ferrocytochrome b1	
 Folate	C1=CC(=CC=C1C(=O)NC(CCC(=O)O)C(=O)O)NCC2=CN=C3C(=N2)C(=O)NC(=N3)N
 GDP-4-keto-6-L-deoxygalactose	CC1C(=O)C(C(C(O1)OP(=O)(O)OP(=O)(O)OCC2C(C(C(O2)N3C=NC4=C3N=C(NC4=O)N)O)O)O)O
 Galactinol	C(C1C(C(C(C(O1)OC2C(C(C(C(C2O)O)O)O)O)O)O)O)O
 Gluconolactone	C(C1C(C(C(C(=O)O1)O)O)O)O
 Homocitrate	C(CC(CC(=O)O)(C(=O)O)O)C(=O)O
 Inositol 3-phosphate	C1(C(C(C(C(C1O)O)OP(=O)(O)O)O)O)O
 Isobutyryl-CoA	CC(C)C(=O)SCCNC(=O)CCNC(=O)C(C(C)(C)COP(=O)(O)OP(=O)(O)OCC1C(C(C(O1)N2C=NC3=C(N=CN=C32)N)O)OP(=O)(O)O)O
 L-3-Cyanoalanine	C(C#N)C(C(=O)O)N
 L-Cysteate	C(C(C(=O)[O-])N)S(=O)(=O)O
 L-Glutamyl 1-phosphate	C(CC(=O)O)C(C(=O)OP(=O)(O)O)N
 L-Histidinal	C1=C(NC=N1)CC(C=O)N
 L-Sorbosonate	C(C(C(C(C(=O)C(=O)O)O)O)O)O
 Lauroyl-CoA	CCCCCCCCCCCC(=O)SCCNC(=O)CCNC(=O)C(C(C)(C)COP(=O)(O)OP(=O)(O)OCC1C(C(C(O1)N2C=NC3=C(N=CN=C32)N)O)OP(=O)(O)O)O
 Manninotriose	C(C1C(C(C(C(O1)OCC2C(C(C(C(O2)OCC(C(C(C(C=O)O)O)O)O)O)O)O)O)O)O)O
 Melitose	C(C1C(C(C(C(O1)OCC2C(C(C(C(O2)OC3(C(C(C(O3)CO)O)O)CO)O)O)O)O)O)O)O
 Methacrylyl-CoA	CC(=C)C(=O)SCCNC(=O)CCNC(=O)C(C(C)(C)COP(=O)(O)OP(=O)(O)OCC1C(C(C(O1)N2C=NC3=C(N=CN=C32)N)O)OP(=O)(O)O)O
 N-Acetylputrescine	CC(=O)NCCCCN
 Oxalosuccinate	C(C(C(=O)C(=O)O)C(=O)O)C(=O)O
 PQQH2	C1=C(NC2=C(C(=C3C=C(N=C3C2=C1C(=O)O)C(=O)O)O)O)C(=O)O
 Pyrroloquinoline-quinone	C1=C(C2=C(C(=O)C(=O)C3=C2NC(=C3)C(=O)O)N=C1C(=O)O)C(=O)O
 Q	
 QH2	
 Quinate	C1C(C(C(CC1(C(=O)O)O)O)O)O
 Retinal	CC1=C(C(CCC1)(C)C)C=CC(=CC=CC(=CC=O)C)C
 Retinol	CC1=C(C(CCC1)(C)C)C=CC(=CC=CC(=CCO)C)C
 S	[S]
 Selenocystathionine	C(C[Se]CC(C(=O)O)N)C(C(=O)O)N
 Selenohomocysteine	
 Stachyose	C(C1C(C(C(C(O1)OCC2C(C(C(C(O2)OCC3C(C(C(C(O3)OC4(C(C(C(O4)CO)O)O)CO)O)O)O)O)O)O)O)O)O)O
 Tetrahydrobiopterin	CC(C(C1CNC2=C(N1)C(=O)NC(=N2)N)O)O
 Tetrahydropteroyltri-L-glutamate	C1C(NC2=C(N1)N=C(NC2=O)N)CNC3=CC=C(C=C3)C(=O)NC(CCC(=O)NC(CCC(=O)NC(CCC(=O)O)C(=O)O)C(=O)O)C(=O)O
 Tiglyl-CoA	CC=C(C)C(=O)SCCNC(=O)CCNC(=O)C(C(C)(C)COP(=O)(O)OP(=O)(O)OCC1C(C(C(O1)N2C=NC3=C(N=CN=C32)N)O)OP(=O)(O)O)O
 UDP-N-acetyl-D-galactosamine	CC(=O)NC1C(C(C(OC1OP(=O)(O)OP(=O)(O)OCC2C(C(C(O2)N3C=CC(=O)NC3=O)O)O)CO)O)O
 Ureidoglycine	C(C(=O)O)NNC(=O)N
 beta D-Galactose	C(C1C(C(C(C(O1)O)O)O)O)O
 beta-D-Glucose	C(C1C(C(C(C(O1)O)O)O)O)O
 beta-D-Glucose 6-phosphate	C(C1C(C(C(C(O1)O)O)O)O)OP(=O)(O)O
 cis-3-Chloro-2-propene-1-ol	C(C=CCl)O
 cis-3-Chloroallyl aldehyde	C(=CCl)C=O
 cis-Homoaconitate	C(CC(=O)O)C(=CC(=O)O)C(=O)O
 gamma-Glutamyl-3-aminopropiononitrile	C(CNC(=O)CCC(C(=O)O)N)C#N
 trans-3-Chloro-2-propene-1-ol	C(C=CCl)O
 trans-4-Hydroxy-L-proline	C1C(CNC1C(=O)O)O
